0 verbose cli /usr/local/bin/node /usr/local/bin/npm
1 info using npm@11.19.0
2 info using node@v24.20.0
3 silly config load:file:/usr/local/lib/node_modules/npm/npmrc
4 silly config load:file:/Users/apple/Desktop/somnath/sstax-gst/server/.npmrc
5 silly config load:file:/Users/apple/.npmrc
6 silly config load:file:/usr/local/etc/npmrc
7 verbose title npm install
8 verbose argv "install" "--no-audit" "--no-fund" "--cache" "/Users/apple/Desktop/somnath/sstax-gst/.npm-cache"
9 verbose logfile logs-max:10 dir:/Users/apple/Desktop/somnath/sstax-gst/.npm-cache/_logs/2026-09-05T14_57_20_595Z-
10 verbose logfile /Users/apple/Desktop/somnath/sstax-gst/.npm-cache/_logs/2026-09-05T14_57_20_595Z-debug-0.log
11 warn Unknown env config "tmp". This will stop working in the next major version of npm. See `npm help npmrc` for supported config options.
12 silly logfile done cleaning log files
13 silly packumentCache heap:4496293888 maxSize:1124073472 maxEntrySize:562036736
14 silly idealTree buildDeps
15 silly fetch manifest axios@^1.7.2
16 silly packumentCache full:https://registry.npmjs.org/axios cache-miss
17 http fetch GET 200 https://registry.npmjs.org/axios 241ms (cache miss)
18 silly packumentCache full:https://registry.npmjs.org/axios set size:undefined disposed:false
19 silly fetch manifest bcryptjs@^2.4.3
20 silly packumentCache full:https://registry.npmjs.org/bcryptjs cache-miss
21 http fetch GET 200 https://registry.npmjs.org/bcryptjs 59ms (cache miss)
22 silly packumentCache full:https://registry.npmjs.org/bcryptjs set size:undefined disposed:false
23 silly fetch manifest cloudinary@^2.2.0
24 silly packumentCache full:https://registry.npmjs.org/cloudinary cache-miss
25 http fetch GET 200 https://registry.npmjs.org/cloudinary 319ms (cache miss)
26 silly packumentCache full:https://registry.npmjs.org/cloudinary set size:undefined disposed:false
27 silly fetch manifest cookie-parser@^1.4.6
28 silly packumentCache full:https://registry.npmjs.org/cookie-parser cache-miss
29 http fetch GET 200 https://registry.npmjs.org/cookie-parser 49ms (cache miss)
30 silly packumentCache full:https://registry.npmjs.org/cookie-parser set size:undefined disposed:false
31 silly fetch manifest cors@^2.8.5
32 silly packumentCache full:https://registry.npmjs.org/cors cache-miss
33 http fetch GET 200 https://registry.npmjs.org/cors 291ms (cache miss)
34 silly packumentCache full:https://registry.npmjs.org/cors set size:undefined disposed:false
35 silly fetch manifest crypto@^1.0.1
36 silly packumentCache full:https://registry.npmjs.org/crypto cache-miss
37 http fetch GET 200 https://registry.npmjs.org/crypto 289ms (cache miss)
38 silly packumentCache full:https://registry.npmjs.org/crypto set size:undefined disposed:false
39 silly fetch manifest express@^4.19.2
40 silly packumentCache full:https://registry.npmjs.org/express cache-miss
41 http fetch GET 200 https://registry.npmjs.org/express 83ms (cache miss)
42 silly packumentCache full:https://registry.npmjs.org/express set size:undefined disposed:false
43 silly fetch manifest express-mongo-sanitize@^2.2.0
44 silly packumentCache full:https://registry.npmjs.org/express-mongo-sanitize cache-miss
45 http fetch GET 200 https://registry.npmjs.org/express-mongo-sanitize 285ms (cache miss)
46 silly packumentCache full:https://registry.npmjs.org/express-mongo-sanitize set size:undefined disposed:false
47 silly fetch manifest express-rate-limit@^7.3.1
48 silly packumentCache full:https://registry.npmjs.org/express-rate-limit cache-miss
49 http fetch GET 200 https://registry.npmjs.org/express-rate-limit 163ms (cache miss)
50 silly packumentCache full:https://registry.npmjs.org/express-rate-limit set size:undefined disposed:false
51 silly fetch manifest express-validator@^7.1.0
52 silly packumentCache full:https://registry.npmjs.org/express-validator cache-miss
53 http fetch GET 200 https://registry.npmjs.org/express-validator 288ms (cache miss)
54 silly packumentCache full:https://registry.npmjs.org/express-validator set size:undefined disposed:false
55 silly fetch manifest file-type@^19.0.0
56 silly packumentCache full:https://registry.npmjs.org/file-type cache-miss
57 http fetch GET 200 https://registry.npmjs.org/file-type 326ms (cache miss)
58 silly packumentCache full:https://registry.npmjs.org/file-type set size:undefined disposed:false
59 silly fetch manifest googleapis@^140.0.0
60 silly packumentCache full:https://registry.npmjs.org/googleapis cache-miss
61 http fetch GET 200 https://registry.npmjs.org/googleapis 90ms (cache miss)
62 silly packumentCache full:https://registry.npmjs.org/googleapis set size:undefined disposed:false
63 silly fetch manifest helmet@^7.1.0
64 silly packumentCache full:https://registry.npmjs.org/helmet cache-miss
65 http fetch GET 200 https://registry.npmjs.org/helmet 286ms (cache miss)
66 silly packumentCache full:https://registry.npmjs.org/helmet set size:undefined disposed:false
67 silly fetch manifest jsonwebtoken@^9.0.2
68 silly packumentCache full:https://registry.npmjs.org/jsonwebtoken cache-miss
69 http fetch GET 200 https://registry.npmjs.org/jsonwebtoken 56ms (cache miss)
70 silly packumentCache full:https://registry.npmjs.org/jsonwebtoken set size:undefined disposed:false
71 silly fetch manifest mongoose@^8.4.3
72 silly packumentCache full:https://registry.npmjs.org/mongoose cache-miss
73 http fetch GET 200 https://registry.npmjs.org/mongoose 156ms (cache miss)
74 silly packumentCache full:https://registry.npmjs.org/mongoose set size:undefined disposed:false
75 silly fetch manifest multer@^1.4.5-lts.1
76 silly packumentCache full:https://registry.npmjs.org/multer cache-miss
77 http fetch GET 200 https://registry.npmjs.org/multer 57ms (cache miss)
78 silly packumentCache full:https://registry.npmjs.org/multer set size:undefined disposed:false
79 silly fetch manifest node-cron@^3.0.3
80 silly packumentCache full:https://registry.npmjs.org/node-cron cache-miss
81 http fetch GET 200 https://registry.npmjs.org/node-cron 283ms (cache miss)
82 silly packumentCache full:https://registry.npmjs.org/node-cron set size:undefined disposed:false
83 silly fetch manifest nodemailer@^6.9.14
84 silly packumentCache full:https://registry.npmjs.org/nodemailer cache-miss
85 http fetch GET 200 https://registry.npmjs.org/nodemailer 69ms (cache miss)
86 silly packumentCache full:https://registry.npmjs.org/nodemailer set size:undefined disposed:false
87 silly fetch manifest pdfkit@^0.15.0
88 silly packumentCache full:https://registry.npmjs.org/pdfkit cache-miss
89 http fetch GET 200 https://registry.npmjs.org/pdfkit 290ms (cache miss)
90 silly packumentCache full:https://registry.npmjs.org/pdfkit set size:undefined disposed:false
91 silly fetch manifest sharp@^0.33.4
92 silly packumentCache full:https://registry.npmjs.org/sharp cache-miss
93 http fetch GET 200 https://registry.npmjs.org/sharp 78ms (cache miss)
94 silly packumentCache full:https://registry.npmjs.org/sharp set size:undefined disposed:false
95 silly fetch manifest uuid@^9.0.1
96 silly packumentCache full:https://registry.npmjs.org/uuid cache-miss
97 http fetch GET 200 https://registry.npmjs.org/uuid 72ms (cache miss)
98 silly packumentCache full:https://registry.npmjs.org/uuid set size:undefined disposed:false
99 silly fetch manifest winston@^3.13.0
100 silly packumentCache full:https://registry.npmjs.org/winston cache-miss
101 http fetch GET 200 https://registry.npmjs.org/winston 315ms (cache miss)
102 silly packumentCache full:https://registry.npmjs.org/winston set size:undefined disposed:false
103 silly fetch manifest dotenv@^16.4.5
104 silly packumentCache full:https://registry.npmjs.org/dotenv cache-miss
105 http fetch GET 200 https://registry.npmjs.org/npm 4388ms
106 http fetch GET 200 https://registry.npmjs.org/dotenv 90ms (cache miss)
107 silly packumentCache full:https://registry.npmjs.org/dotenv set size:undefined disposed:false
108 silly fetch manifest nodemon@^3.1.4
109 silly packumentCache full:https://registry.npmjs.org/nodemon cache-miss
110 http fetch GET 200 https://registry.npmjs.org/nodemon 77ms (cache miss)
111 silly packumentCache full:https://registry.npmjs.org/nodemon set size:undefined disposed:false
112 silly placeDep ROOT axios@1.20.0 OK for: sstax-gst-server@1.0.0 want: ^1.7.2
113 silly placeDep ROOT bcryptjs@2.4.3 OK for: sstax-gst-server@1.0.0 want: ^2.4.3
114 silly placeDep ROOT cloudinary@2.11.0 OK for: sstax-gst-server@1.0.0 want: ^2.2.0
115 silly placeDep ROOT cookie-parser@1.4.7 OK for: sstax-gst-server@1.0.0 want: ^1.4.6
116 silly placeDep ROOT cors@2.8.6 OK for: sstax-gst-server@1.0.0 want: ^2.8.5
117 silly placeDep ROOT crypto@1.0.1 OK for: sstax-gst-server@1.0.0 want: ^1.0.1
118 silly placeDep ROOT dotenv@16.6.1 OK for: sstax-gst-server@1.0.0 want: ^16.4.5
119 silly placeDep ROOT express@4.22.2 OK for: sstax-gst-server@1.0.0 want: ^4.19.2
120 silly placeDep ROOT express-mongo-sanitize@2.2.0 OK for: sstax-gst-server@1.0.0 want: ^2.2.0
121 silly placeDep ROOT express-rate-limit@7.5.1 OK for: sstax-gst-server@1.0.0 want: ^7.3.1
122 silly placeDep ROOT express-validator@7.3.2 OK for: sstax-gst-server@1.0.0 want: ^7.1.0
123 silly placeDep ROOT file-type@19.6.0 OK for: sstax-gst-server@1.0.0 want: ^19.0.0
124 silly placeDep ROOT googleapis@140.0.1 OK for: sstax-gst-server@1.0.0 want: ^140.0.0
125 silly placeDep ROOT helmet@7.2.0 OK for: sstax-gst-server@1.0.0 want: ^7.1.0
126 silly placeDep ROOT jsonwebtoken@9.0.3 OK for: sstax-gst-server@1.0.0 want: ^9.0.2
127 silly placeDep ROOT mongoose@8.24.4 OK for: sstax-gst-server@1.0.0 want: ^8.4.3
128 silly placeDep ROOT multer@1.4.5-lts.2 OK for: sstax-gst-server@1.0.0 want: ^1.4.5-lts.1
129 silly placeDep ROOT node-cron@3.0.3 OK for: sstax-gst-server@1.0.0 want: ^3.0.3
130 silly placeDep ROOT nodemailer@6.10.1 OK for: sstax-gst-server@1.0.0 want: ^6.9.14
131 silly placeDep ROOT nodemon@3.1.14 OK for: sstax-gst-server@1.0.0 want: ^3.1.4
132 silly placeDep ROOT pdfkit@0.15.2 OK for: sstax-gst-server@1.0.0 want: ^0.15.0
133 silly placeDep ROOT sharp@0.33.5 OK for: sstax-gst-server@1.0.0 want: ^0.33.4
134 silly placeDep ROOT uuid@9.0.1 OK for: sstax-gst-server@1.0.0 want: ^9.0.1
135 silly placeDep ROOT winston@3.19.0 OK for: sstax-gst-server@1.0.0 want: ^3.13.0
136 silly fetch manifest form-data@^4.0.6
137 silly packumentCache full:https://registry.npmjs.org/form-data cache-miss
138 silly fetch manifest proxy-from-env@^2.1.0
139 silly packumentCache full:https://registry.npmjs.org/proxy-from-env cache-miss
140 silly fetch manifest follow-redirects@^1.16.0
141 silly packumentCache full:https://registry.npmjs.org/follow-redirects cache-miss
142 silly fetch manifest https-proxy-agent@^5.0.1
143 silly packumentCache full:https://registry.npmjs.org/https-proxy-agent cache-miss
144 silly fetch manifest lodash@^4.17.23
145 silly packumentCache full:https://registry.npmjs.org/lodash cache-miss
146 silly fetch manifest cookie@0.7.2
147 silly packumentCache full:https://registry.npmjs.org/cookie cache-miss
148 silly fetch manifest cookie-signature@1.0.6
149 silly packumentCache full:https://registry.npmjs.org/cookie-signature cache-miss
150 silly fetch manifest object-assign@^4
151 silly packumentCache full:https://registry.npmjs.org/object-assign cache-miss
152 silly fetch manifest vary@^1
153 silly packumentCache full:https://registry.npmjs.org/vary cache-miss
154 silly fetch manifest qs@~6.15.1
155 silly packumentCache full:https://registry.npmjs.org/qs cache-miss
156 silly fetch manifest depd@2.0.0
157 silly packumentCache full:https://registry.npmjs.org/depd cache-miss
158 silly fetch manifest etag@~1.8.1
159 silly packumentCache full:https://registry.npmjs.org/etag cache-miss
160 silly fetch manifest send@~0.19.0
161 silly packumentCache full:https://registry.npmjs.org/send cache-miss
162 silly fetch manifest vary@~1.1.2
163 silly packumentCache full:https://registry.npmjs.org/vary cache-miss
164 silly fetch manifest debug@2.6.9
165 silly packumentCache full:https://registry.npmjs.org/debug cache-miss
166 http fetch GET 200 https://registry.npmjs.org/proxy-from-env 57ms (cache miss)
167 silly packumentCache full:https://registry.npmjs.org/proxy-from-env set size:undefined disposed:false
168 silly fetch manifest fresh@~0.5.2
169 silly packumentCache full:https://registry.npmjs.org/fresh cache-miss
170 http fetch GET 200 https://registry.npmjs.org/form-data 62ms (cache miss)
171 silly packumentCache full:https://registry.npmjs.org/form-data set size:undefined disposed:false
172 silly fetch manifest cookie@~0.7.1
173 silly packumentCache full:https://registry.npmjs.org/cookie cache-miss
174 http fetch GET 200 https://registry.npmjs.org/fresh 85ms (cache miss)
175 silly packumentCache full:https://registry.npmjs.org/fresh set size:undefined disposed:false
176 silly fetch manifest accepts@~1.3.8
177 silly packumentCache full:https://registry.npmjs.org/accepts cache-miss
178 http fetch GET 200 https://registry.npmjs.org/cookie 87ms (cache miss)
179 silly packumentCache full:https://registry.npmjs.org/cookie set size:undefined disposed:false
180 silly fetch manifest methods@~1.1.2
181 silly packumentCache full:https://registry.npmjs.org/methods cache-miss
182 http fetch GET 200 https://registry.npmjs.org/follow-redirects 194ms (cache miss)
183 silly packumentCache full:https://registry.npmjs.org/follow-redirects set size:undefined disposed:false
184 silly fetch manifest type-is@~1.6.18
185 silly packumentCache full:https://registry.npmjs.org/type-is cache-miss
186 http fetch GET 200 https://registry.npmjs.org/vary 200ms (cache miss)
187 silly packumentCache full:https://registry.npmjs.org/vary set size:undefined disposed:false
188 silly fetch manifest parseurl@~1.3.3
189 silly packumentCache full:https://registry.npmjs.org/parseurl cache-miss
190 http fetch GET 200 https://registry.npmjs.org/object-assign 202ms (cache miss)
191 silly packumentCache full:https://registry.npmjs.org/object-assign set size:undefined disposed:false
192 silly fetch manifest statuses@~2.0.1
193 silly packumentCache full:https://registry.npmjs.org/statuses cache-miss
194 http fetch GET 200 https://registry.npmjs.org/vary 204ms (cache miss)
195 silly packumentCache full:https://registry.npmjs.org/vary set size:undefined disposed:false
196 silly fetch manifest encodeurl@~2.0.0
197 silly packumentCache full:https://registry.npmjs.org/encodeurl cache-miss
198 http fetch GET 200 https://registry.npmjs.org/cookie 214ms (cache miss)
199 silly packumentCache full:https://registry.npmjs.org/cookie set size:undefined disposed:false
200 silly fetch manifest proxy-addr@~2.0.7
201 silly packumentCache full:https://registry.npmjs.org/proxy-addr cache-miss
202 http fetch GET 200 https://registry.npmjs.org/etag 216ms (cache miss)
203 silly packumentCache full:https://registry.npmjs.org/etag set size:undefined disposed:false
204 silly fetch manifest body-parser@~1.20.5
205 silly packumentCache full:https://registry.npmjs.org/body-parser cache-miss
206 http fetch GET 200 https://registry.npmjs.org/depd 220ms (cache miss)
207 silly packumentCache full:https://registry.npmjs.org/depd set size:undefined disposed:false
208 silly fetch manifest escape-html@~1.0.3
209 silly packumentCache full:https://registry.npmjs.org/escape-html cache-miss
210 http fetch GET 200 https://registry.npmjs.org/https-proxy-agent 227ms (cache miss)
211 silly packumentCache full:https://registry.npmjs.org/https-proxy-agent set size:undefined disposed:false
212 silly fetch manifest http-errors@~2.0.0
213 silly packumentCache full:https://registry.npmjs.org/http-errors cache-miss
214 http fetch GET 200 https://registry.npmjs.org/methods 79ms (cache miss)
215 silly packumentCache full:https://registry.npmjs.org/methods set size:undefined disposed:false
216 silly fetch manifest on-finished@~2.4.1
217 silly packumentCache full:https://registry.npmjs.org/on-finished cache-miss
218 http fetch GET 200 https://registry.npmjs.org/accepts 91ms (cache miss)
219 silly packumentCache full:https://registry.npmjs.org/accepts set size:undefined disposed:false
220 silly fetch manifest safe-buffer@5.2.1
221 silly packumentCache full:https://registry.npmjs.org/safe-buffer cache-miss
222 http fetch GET 200 https://registry.npmjs.org/send 242ms (cache miss)
223 silly packumentCache full:https://registry.npmjs.org/send set size:undefined disposed:false
224 silly fetch manifest utils-merge@1.0.1
225 silly packumentCache full:https://registry.npmjs.org/utils-merge cache-miss
226 http fetch GET 200 https://registry.npmjs.org/cookie-signature 250ms (cache miss)
227 silly packumentCache full:https://registry.npmjs.org/cookie-signature set size:undefined disposed:false
228 silly fetch manifest content-type@~1.0.4
229 silly packumentCache full:https://registry.npmjs.org/content-type cache-miss
230 http fetch GET 200 https://registry.npmjs.org/lodash 266ms (cache miss)
231 silly packumentCache full:https://registry.npmjs.org/lodash set size:undefined disposed:false
232 silly fetch manifest finalhandler@~1.3.1
233 silly packumentCache full:https://registry.npmjs.org/finalhandler cache-miss
234 http fetch GET 200 https://registry.npmjs.org/parseurl 81ms (cache miss)
235 silly packumentCache full:https://registry.npmjs.org/parseurl set size:undefined disposed:false
236 silly fetch manifest range-parser@~1.2.1
237 silly packumentCache full:https://registry.npmjs.org/range-parser cache-miss
238 http fetch GET 200 https://registry.npmjs.org/statuses 82ms (cache miss)
239 silly packumentCache full:https://registry.npmjs.org/statuses set size:undefined disposed:false
240 silly fetch manifest serve-static@~1.16.2
241 silly packumentCache full:https://registry.npmjs.org/serve-static cache-miss
242 http fetch GET 200 https://registry.npmjs.org/encodeurl 81ms (cache miss)
243 silly packumentCache full:https://registry.npmjs.org/encodeurl set size:undefined disposed:false
244 silly fetch manifest array-flatten@1.1.1
245 silly packumentCache full:https://registry.npmjs.org/array-flatten cache-miss
246 http fetch GET 200 https://registry.npmjs.org/debug 287ms (cache miss)
247 silly packumentCache full:https://registry.npmjs.org/debug set size:undefined disposed:false
248 silly fetch manifest path-to-regexp@~0.1.12
249 silly packumentCache full:https://registry.npmjs.org/path-to-regexp cache-miss
250 http fetch GET 200 https://registry.npmjs.org/escape-html 75ms (cache miss)
251 silly packumentCache full:https://registry.npmjs.org/escape-html set size:undefined disposed:false
252 silly fetch manifest setprototypeof@1.2.0
253 silly packumentCache full:https://registry.npmjs.org/setprototypeof cache-miss
254 http fetch GET 200 https://registry.npmjs.org/type-is 108ms (cache miss)
255 silly packumentCache full:https://registry.npmjs.org/type-is set size:undefined disposed:false
256 silly fetch manifest cookie-signature@~1.0.6
257 silly packumentCache full:https://registry.npmjs.org/cookie-signature cache-miss
258 http fetch GET 200 https://registry.npmjs.org/proxy-addr 90ms (cache miss)
259 silly packumentCache full:https://registry.npmjs.org/proxy-addr set size:undefined disposed:false
260 silly fetch manifest merge-descriptors@1.0.3
261 silly packumentCache full:https://registry.npmjs.org/merge-descriptors cache-miss
262 http fetch GET 200 https://registry.npmjs.org/qs 309ms (cache miss)
263 silly packumentCache full:https://registry.npmjs.org/qs set size:undefined disposed:false
264 silly fetch manifest content-disposition@~0.5.4
265 silly packumentCache full:https://registry.npmjs.org/content-disposition cache-miss
266 http fetch GET 200 https://registry.npmjs.org/http-errors 91ms (cache miss)
267 silly packumentCache full:https://registry.npmjs.org/http-errors set size:undefined disposed:false
268 silly fetch manifest lodash@^4.18.1
269 silly packumentCache full:https://registry.npmjs.org/lodash cache-miss
270 http fetch GET 200 https://registry.npmjs.org/safe-buffer 84ms (cache miss)
271 silly packumentCache full:https://registry.npmjs.org/safe-buffer set size:undefined disposed:false
272 silly fetch manifest validator@~13.15.23
273 silly packumentCache full:https://registry.npmjs.org/validator cache-miss
274 http fetch GET 200 https://registry.npmjs.org/on-finished 93ms (cache miss)
275 silly packumentCache full:https://registry.npmjs.org/on-finished set size:undefined disposed:false
276 silly fetch manifest strtok3@^9.0.1
277 silly packumentCache full:https://registry.npmjs.org/strtok3 cache-miss
278 http fetch GET 200 https://registry.npmjs.org/utils-merge 89ms (cache miss)
279 silly packumentCache full:https://registry.npmjs.org/utils-merge set size:undefined disposed:false
280 silly fetch manifest get-stream@^9.0.1
281 silly packumentCache full:https://registry.npmjs.org/get-stream cache-miss
282 http cache https://registry.npmjs.org/cookie-signature 36ms (cache hit)
283 silly packumentCache full:https://registry.npmjs.org/cookie-signature set size:21777 disposed:false
284 silly fetch manifest token-types@^6.0.0
285 silly packumentCache full:https://registry.npmjs.org/token-types cache-miss
286 http fetch GET 200 https://registry.npmjs.org/content-type 92ms (cache miss)
287 silly packumentCache full:https://registry.npmjs.org/content-type set size:undefined disposed:false
288 silly fetch manifest uint8array-extras@^1.3.0
289 silly packumentCache full:https://registry.npmjs.org/uint8array-extras cache-miss
290 http fetch GET 200 https://registry.npmjs.org/body-parser 133ms (cache miss)
291 silly packumentCache full:https://registry.npmjs.org/body-parser set size:undefined disposed:false
292 silly fetch manifest googleapis-common@^7.0.0
293 silly packumentCache full:https://registry.npmjs.org/googleapis-common cache-miss
294 http cache https://registry.npmjs.org/lodash 42ms (cache hit)
295 silly packumentCache full:https://registry.npmjs.org/lodash set size:247652 disposed:false
296 silly fetch manifest google-auth-library@^9.0.0
297 silly packumentCache full:https://registry.npmjs.org/google-auth-library cache-miss
298 http fetch GET 200 https://registry.npmjs.org/finalhandler 100ms (cache miss)
299 silly packumentCache full:https://registry.npmjs.org/finalhandler set size:undefined disposed:false
300 silly fetch manifest ms@^2.1.1
301 silly packumentCache full:https://registry.npmjs.org/ms cache-miss
302 http fetch GET 200 https://registry.npmjs.org/range-parser 88ms (cache miss)
303 silly packumentCache full:https://registry.npmjs.org/range-parser set size:undefined disposed:false
304 silly fetch manifest jws@^4.0.1
305 silly packumentCache full:https://registry.npmjs.org/jws cache-miss
306 http fetch GET 200 https://registry.npmjs.org/array-flatten 86ms (cache miss)
307 silly packumentCache full:https://registry.npmjs.org/array-flatten set size:undefined disposed:false
308 silly fetch manifest semver@^7.5.4
309 silly packumentCache full:https://registry.npmjs.org/semver cache-miss
310 http fetch GET 200 https://registry.npmjs.org/setprototypeof 81ms (cache miss)
311 silly packumentCache full:https://registry.npmjs.org/setprototypeof set size:undefined disposed:false
312 silly fetch manifest lodash.once@^4.0.0
313 silly packumentCache full:https://registry.npmjs.org/lodash.once cache-miss
314 http fetch GET 200 https://registry.npmjs.org/merge-descriptors 79ms (cache miss)
315 silly packumentCache full:https://registry.npmjs.org/merge-descriptors set size:undefined disposed:false
316 silly fetch manifest lodash.includes@^4.3.0
317 silly packumentCache full:https://registry.npmjs.org/lodash.includes cache-miss
318 http fetch GET 200 https://registry.npmjs.org/content-disposition 73ms (cache miss)
319 silly packumentCache full:https://registry.npmjs.org/content-disposition set size:undefined disposed:false
320 silly fetch manifest lodash.isnumber@^3.0.3
321 silly packumentCache full:https://registry.npmjs.org/lodash.isnumber cache-miss
322 http fetch GET 200 https://registry.npmjs.org/path-to-regexp 99ms (cache miss)
323 silly packumentCache full:https://registry.npmjs.org/path-to-regexp set size:undefined disposed:false
324 silly fetch manifest lodash.isstring@^4.0.1
325 silly packumentCache full:https://registry.npmjs.org/lodash.isstring cache-miss
326 http fetch GET 200 https://registry.npmjs.org/serve-static 111ms (cache miss)
327 silly packumentCache full:https://registry.npmjs.org/serve-static set size:undefined disposed:false
328 silly fetch manifest lodash.isboolean@^3.0.3
329 silly packumentCache full:https://registry.npmjs.org/lodash.isboolean cache-miss
330 http fetch GET 200 https://registry.npmjs.org/get-stream 64ms (cache miss)
331 silly packumentCache full:https://registry.npmjs.org/get-stream set size:undefined disposed:false
332 silly fetch manifest lodash.isinteger@^4.0.4
333 silly packumentCache full:https://registry.npmjs.org/lodash.isinteger cache-miss
334 http fetch GET 200 https://registry.npmjs.org/uint8array-extras 64ms (cache miss)
335 silly packumentCache full:https://registry.npmjs.org/uint8array-extras set size:undefined disposed:false
336 silly fetch manifest lodash.isplainobject@^4.0.6
337 silly packumentCache full:https://registry.npmjs.org/lodash.isplainobject cache-miss
338 http fetch GET 200 https://registry.npmjs.org/ms 50ms (cache miss)
339 silly packumentCache full:https://registry.npmjs.org/ms set size:undefined disposed:false
340 silly fetch manifest ms@2.1.3
341 silly packumentCache full:https://registry.npmjs.org/ms cache-miss
342 http fetch GET 200 https://registry.npmjs.org/jws 66ms (cache miss)
343 silly packumentCache full:https://registry.npmjs.org/jws set size:undefined disposed:false
344 silly fetch manifest bson@^6.10.4
345 silly packumentCache full:https://registry.npmjs.org/bson cache-miss
346 http fetch GET 200 https://registry.npmjs.org/googleapis-common 87ms (cache miss)
347 silly packumentCache full:https://registry.npmjs.org/googleapis-common set size:undefined disposed:false
348 silly fetch manifest sift@17.1.3
349 silly packumentCache full:https://registry.npmjs.org/sift cache-miss
350 http cache https://registry.npmjs.org/ms 37ms (cache hit)
351 silly packumentCache full:https://registry.npmjs.org/ms set size:92208 disposed:false
352 silly fetch manifest mpath@0.9.0
353 silly packumentCache full:https://registry.npmjs.org/mpath cache-miss
354 http fetch GET 200 https://registry.npmjs.org/lodash.once 84ms (cache miss)
355 silly packumentCache full:https://registry.npmjs.org/lodash.once set size:undefined disposed:false
356 silly fetch manifest kareem@2.6.3
357 silly packumentCache full:https://registry.npmjs.org/kareem cache-miss
358 http fetch GET 200 https://registry.npmjs.org/lodash.includes 81ms (cache miss)
359 silly packumentCache full:https://registry.npmjs.org/lodash.includes set size:undefined disposed:false
360 silly fetch manifest mquery@5.0.0
361 silly packumentCache full:https://registry.npmjs.org/mquery cache-miss
362 http fetch GET 200 https://registry.npmjs.org/lodash.isnumber 82ms (cache miss)
363 silly packumentCache full:https://registry.npmjs.org/lodash.isnumber set size:undefined disposed:false
364 silly fetch manifest mongodb@~6.20.0
365 silly packumentCache full:https://registry.npmjs.org/mongodb cache-miss
366 http fetch GET 200 https://registry.npmjs.org/lodash.isstring 79ms (cache miss)
367 silly packumentCache full:https://registry.npmjs.org/lodash.isstring set size:undefined disposed:false
368 silly fetch manifest xtend@^4.0.0
369 silly packumentCache full:https://registry.npmjs.org/xtend cache-miss
370 http fetch GET 200 https://registry.npmjs.org/semver 99ms (cache miss)
371 silly packumentCache full:https://registry.npmjs.org/semver set size:undefined disposed:false
372 silly fetch manifest busboy@^1.0.0
373 silly packumentCache full:https://registry.npmjs.org/busboy cache-miss
374 http fetch GET 200 https://registry.npmjs.org/lodash.isinteger 76ms (cache miss)
375 silly packumentCache full:https://registry.npmjs.org/lodash.isinteger set size:undefined disposed:false
376 silly fetch manifest mkdirp@^0.5.4
377 silly packumentCache full:https://registry.npmjs.org/mkdirp cache-miss
378 http fetch GET 200 https://registry.npmjs.org/lodash.isboolean 81ms (cache miss)
379 silly packumentCache full:https://registry.npmjs.org/lodash.isboolean set size:undefined disposed:false
380 silly fetch manifest type-is@^1.6.4
381 silly packumentCache full:https://registry.npmjs.org/type-is cache-miss
382 http fetch GET 200 https://registry.npmjs.org/lodash.isplainobject 74ms (cache miss)
383 silly packumentCache full:https://registry.npmjs.org/lodash.isplainobject set size:undefined disposed:false
384 silly fetch manifest append-field@^1.0.0
385 silly packumentCache full:https://registry.npmjs.org/append-field cache-miss
386 http cache https://registry.npmjs.org/type-is 7ms (cache hit)
387 silly packumentCache full:https://registry.npmjs.org/type-is set size:88614 disposed:false
388 silly fetch manifest concat-stream@^1.5.2
389 silly packumentCache full:https://registry.npmjs.org/concat-stream cache-miss
390 http fetch GET 200 https://registry.npmjs.org/google-auth-library 134ms (cache miss)
391 silly packumentCache full:https://registry.npmjs.org/google-auth-library set size:undefined disposed:false
392 silly fetch manifest object-assign@^4.1.1
393 silly packumentCache full:https://registry.npmjs.org/object-assign cache-miss
394 http cache https://registry.npmjs.org/object-assign 6ms (cache hit)
395 silly packumentCache full:https://registry.npmjs.org/object-assign set size:28988 disposed:false
396 silly fetch manifest uuid@8.3.2
397 silly packumentCache full:https://registry.npmjs.org/uuid cache-miss
398 http fetch GET 200 https://registry.npmjs.org/mpath 54ms (cache miss)
399 silly packumentCache full:https://registry.npmjs.org/mpath set size:undefined disposed:false
400 silly fetch manifest debug@^4
401 silly packumentCache full:https://registry.npmjs.org/debug cache-miss
402 http fetch GET 200 https://registry.npmjs.org/bson 81ms (cache miss)
403 silly packumentCache full:https://registry.npmjs.org/bson set size:undefined disposed:false
404 silly fetch manifest touch@^3.1.0
405 silly packumentCache full:https://registry.npmjs.org/touch cache-miss
406 http cache https://registry.npmjs.org/uuid 16ms (cache hit)
407 silly packumentCache full:https://registry.npmjs.org/uuid set size:260936 disposed:false
408 silly fetch manifest semver@^7.5.3
409 silly packumentCache full:https://registry.npmjs.org/semver cache-miss
410 http cache https://registry.npmjs.org/debug 24ms (cache hit)
411 silly packumentCache full:https://registry.npmjs.org/debug set size:195840 disposed:false
412 silly fetch manifest chokidar@^3.5.2
413 silly packumentCache full:https://registry.npmjs.org/chokidar cache-miss
414 http fetch GET 200 https://registry.npmjs.org/xtend 79ms (cache miss)
415 silly packumentCache full:https://registry.npmjs.org/xtend set size:undefined disposed:false
416 silly fetch manifest minimatch@^10.2.1
417 silly packumentCache full:https://registry.npmjs.org/minimatch cache-miss
418 http fetch GET 200 https://registry.npmjs.org/append-field 75ms (cache miss)
419 silly packumentCache full:https://registry.npmjs.org/append-field set size:undefined disposed:false
420 silly fetch manifest undefsafe@^2.0.5
421 silly packumentCache full:https://registry.npmjs.org/undefsafe cache-miss
422 http cache https://registry.npmjs.org/semver 28ms (cache hit)
423 silly packumentCache full:https://registry.npmjs.org/semver set size:246069 disposed:false
424 silly fetch manifest pstree.remy@^1.1.8
425 silly packumentCache full:https://registry.npmjs.org/pstree.remy cache-miss
426 http fetch GET 200 https://registry.npmjs.org/mkdirp 88ms (cache miss)
427 silly packumentCache full:https://registry.npmjs.org/mkdirp set size:undefined disposed:false
428 silly fetch manifest supports-color@^5.5.0
429 silly packumentCache full:https://registry.npmjs.org/supports-color cache-miss
430 http fetch GET 200 https://registry.npmjs.org/busboy 93ms (cache miss)
431 silly packumentCache full:https://registry.npmjs.org/busboy set size:undefined disposed:false
432 silly fetch manifest ignore-by-default@^1.0.1
433 silly packumentCache full:https://registry.npmjs.org/ignore-by-default cache-miss
434 http fetch GET 200 https://registry.npmjs.org/concat-stream 81ms (cache miss)
435 silly packumentCache full:https://registry.npmjs.org/concat-stream set size:undefined disposed:false
436 silly fetch manifest simple-update-notifier@^2.0.0
437 silly packumentCache full:https://registry.npmjs.org/simple-update-notifier cache-miss
438 http fetch GET 200 https://registry.npmjs.org/touch 56ms (cache miss)
439 silly packumentCache full:https://registry.npmjs.org/touch set size:undefined disposed:false
440 silly fetch manifest png-js@^1.0.0
441 silly packumentCache full:https://registry.npmjs.org/png-js cache-miss
442 http fetch GET 200 https://registry.npmjs.org/chokidar 54ms (cache miss)
443 silly packumentCache full:https://registry.npmjs.org/chokidar set size:undefined disposed:false
444 silly fetch manifest fontkit@^1.8.1
445 silly packumentCache full:https://registry.npmjs.org/fontkit cache-miss
446 http fetch GET 200 https://registry.npmjs.org/pstree.remy 49ms (cache miss)
447 silly packumentCache full:https://registry.npmjs.org/pstree.remy set size:undefined disposed:false
448 silly fetch manifest crypto-js@^4.2.0
449 silly packumentCache full:https://registry.npmjs.org/crypto-js cache-miss
450 http fetch GET 200 https://registry.npmjs.org/undefsafe 59ms (cache miss)
451 silly packumentCache full:https://registry.npmjs.org/undefsafe set size:undefined disposed:false
452 silly fetch manifest jpeg-exif@^1.1.4
453 silly packumentCache full:https://registry.npmjs.org/jpeg-exif cache-miss
454 http fetch GET 200 https://registry.npmjs.org/token-types 289ms (cache miss)
455 silly packumentCache full:https://registry.npmjs.org/token-types set size:undefined disposed:false
456 silly fetch manifest linebreak@^1.0.2
457 silly packumentCache full:https://registry.npmjs.org/linebreak cache-miss
458 http fetch GET 200 https://registry.npmjs.org/minimatch 90ms (cache miss)
459 silly packumentCache full:https://registry.npmjs.org/minimatch set size:undefined disposed:false
460 silly fetch manifest color@^4.2.3
461 silly packumentCache full:https://registry.npmjs.org/color cache-miss
462 http fetch GET 200 https://registry.npmjs.org/supports-color 81ms (cache miss)
463 silly packumentCache full:https://registry.npmjs.org/supports-color set size:undefined disposed:false
464 silly fetch manifest semver@^7.6.3
465 silly packumentCache full:https://registry.npmjs.org/semver cache-hit
466 silly fetch manifest detect-libc@^2.0.3
467 silly packumentCache full:https://registry.npmjs.org/detect-libc cache-miss
468 http fetch GET 200 https://registry.npmjs.org/validator 344ms (cache miss)
469 silly packumentCache full:https://registry.npmjs.org/validator set size:undefined disposed:false
470 silly fetch manifest @img/sharp-wasm32@0.33.5
471 silly packumentCache full:https://registry.npmjs.org/@img%2fsharp-wasm32 cache-miss
472 http fetch GET 200 https://registry.npmjs.org/strtok3 349ms (cache miss)
473 silly packumentCache full:https://registry.npmjs.org/strtok3 set size:undefined disposed:false
474 silly fetch manifest @img/sharp-linux-arm@0.33.5
475 silly packumentCache full:https://registry.npmjs.org/@img%2fsharp-linux-arm cache-miss
476 http fetch GET 200 https://registry.npmjs.org/fontkit 78ms (cache miss)
477 silly packumentCache full:https://registry.npmjs.org/fontkit set size:undefined disposed:false
478 silly fetch manifest @img/sharp-linux-x64@0.33.5
479 silly packumentCache full:https://registry.npmjs.org/@img%2fsharp-linux-x64 cache-miss
480 http fetch GET 200 https://registry.npmjs.org/linebreak 56ms (cache miss)
481 silly packumentCache full:https://registry.npmjs.org/linebreak set size:undefined disposed:false
482 silly fetch manifest @img/sharp-win32-x64@0.33.5
483 silly packumentCache full:https://registry.npmjs.org/@img%2fsharp-win32-x64 cache-miss
484 http fetch GET 200 https://registry.npmjs.org/color 47ms (cache miss)
485 silly packumentCache full:https://registry.npmjs.org/color set size:undefined disposed:false
486 silly fetch manifest @img/sharp-darwin-x64@0.33.5
487 silly packumentCache full:https://registry.npmjs.org/@img%2fsharp-darwin-x64 cache-miss
488 http fetch GET 200 https://registry.npmjs.org/detect-libc 48ms (cache miss)
489 silly packumentCache full:https://registry.npmjs.org/detect-libc set size:undefined disposed:false
490 silly fetch manifest @img/sharp-win32-ia32@0.33.5
491 silly packumentCache full:https://registry.npmjs.org/@img%2fsharp-win32-ia32 cache-miss
492 http fetch GET 200 https://registry.npmjs.org/mongodb 242ms (cache miss)
493 silly packumentCache full:https://registry.npmjs.org/mongodb set size:undefined disposed:false
494 silly fetch manifest @img/sharp-linux-arm64@0.33.5
495 silly packumentCache full:https://registry.npmjs.org/@img%2fsharp-linux-arm64 cache-miss
496 http fetch GET 200 https://registry.npmjs.org/@img%2fsharp-wasm32 122ms (cache miss)
497 silly packumentCache full:https://registry.npmjs.org/@img%2fsharp-wasm32 set size:undefined disposed:false
498 silly fetch manifest @img/sharp-linux-s390x@0.33.5
499 silly packumentCache full:https://registry.npmjs.org/@img%2fsharp-linux-s390x cache-miss
500 http fetch GET 200 https://registry.npmjs.org/@img%2fsharp-linux-arm 117ms (cache miss)
501 silly packumentCache full:https://registry.npmjs.org/@img%2fsharp-linux-arm set size:undefined disposed:false
502 silly fetch manifest @img/sharp-darwin-arm64@0.33.5
503 silly packumentCache full:https://registry.npmjs.org/@img%2fsharp-darwin-arm64 cache-miss
504 http fetch GET 200 https://registry.npmjs.org/@img%2fsharp-linux-x64 118ms (cache miss)
505 silly packumentCache full:https://registry.npmjs.org/@img%2fsharp-linux-x64 set size:undefined disposed:false
506 silly fetch manifest @img/sharp-linuxmusl-x64@0.33.5
507 silly packumentCache full:https://registry.npmjs.org/@img%2fsharp-linuxmusl-x64 cache-miss
508 http fetch GET 200 https://registry.npmjs.org/@img%2fsharp-darwin-x64 103ms (cache miss)
509 silly packumentCache full:https://registry.npmjs.org/@img%2fsharp-darwin-x64 set size:undefined disposed:false
510 silly fetch manifest @img/sharp-linuxmusl-arm64@0.33.5
511 silly packumentCache full:https://registry.npmjs.org/@img%2fsharp-linuxmusl-arm64 cache-miss
512 http fetch GET 200 https://registry.npmjs.org/kareem 341ms (cache miss)
513 silly packumentCache full:https://registry.npmjs.org/kareem set size:undefined disposed:false
514 silly fetch manifest @img/sharp-libvips-linux-arm@1.0.5
515 silly packumentCache full:https://registry.npmjs.org/@img%2fsharp-libvips-linux-arm cache-miss
516 http fetch GET 200 https://registry.npmjs.org/mquery 341ms (cache miss)
517 silly packumentCache full:https://registry.npmjs.org/mquery set size:undefined disposed:false
518 silly fetch manifest @img/sharp-libvips-linux-x64@1.0.4
519 silly packumentCache full:https://registry.npmjs.org/@img%2fsharp-libvips-linux-x64 cache-miss
520 http fetch GET 200 https://registry.npmjs.org/sift 369ms (cache miss)
521 silly packumentCache full:https://registry.npmjs.org/sift set size:undefined disposed:false
522 silly fetch manifest @img/sharp-libvips-darwin-x64@1.0.4
523 silly packumentCache full:https://registry.npmjs.org/@img%2fsharp-libvips-darwin-x64 cache-miss
524 http fetch GET 200 https://registry.npmjs.org/@img%2fsharp-win32-ia32 117ms (cache miss)
525 silly packumentCache full:https://registry.npmjs.org/@img%2fsharp-win32-ia32 set size:undefined disposed:false
526 silly fetch manifest @img/sharp-libvips-linux-arm64@1.0.4
527 silly packumentCache full:https://registry.npmjs.org/@img%2fsharp-libvips-linux-arm64 cache-miss
528 http fetch GET 200 https://registry.npmjs.org/@img%2fsharp-linuxmusl-arm64 44ms (cache miss)
529 silly packumentCache full:https://registry.npmjs.org/@img%2fsharp-linuxmusl-arm64 set size:undefined disposed:false
530 silly fetch manifest @img/sharp-libvips-linux-s390x@1.0.4
531 silly packumentCache full:https://registry.npmjs.org/@img%2fsharp-libvips-linux-s390x cache-miss
532 http fetch GET 200 https://registry.npmjs.org/png-js 276ms (cache miss)
533 silly packumentCache full:https://registry.npmjs.org/png-js set size:undefined disposed:false
534 silly fetch manifest @img/sharp-libvips-darwin-arm64@1.0.4
535 silly packumentCache full:https://registry.npmjs.org/@img%2fsharp-libvips-darwin-arm64 cache-miss
536 http fetch GET 200 https://registry.npmjs.org/@img%2fsharp-libvips-linux-arm 56ms (cache miss)
537 silly packumentCache full:https://registry.npmjs.org/@img%2fsharp-libvips-linux-arm set size:undefined disposed:false
538 silly fetch manifest @img/sharp-libvips-linuxmusl-x64@1.0.4
539 silly packumentCache full:https://registry.npmjs.org/@img%2fsharp-libvips-linuxmusl-x64 cache-miss
540 http fetch GET 200 https://registry.npmjs.org/simple-update-notifier 294ms (cache miss)
541 silly packumentCache full:https://registry.npmjs.org/simple-update-notifier set size:undefined disposed:false
542 silly fetch manifest @img/sharp-libvips-linuxmusl-arm64@1.0.4
543 silly packumentCache full:https://registry.npmjs.org/@img%2fsharp-libvips-linuxmusl-arm64 cache-miss
544 http fetch GET 200 https://registry.npmjs.org/@img%2fsharp-libvips-linux-x64 60ms (cache miss)
545 silly packumentCache full:https://registry.npmjs.org/@img%2fsharp-libvips-linux-x64 set size:undefined disposed:false
546 silly fetch manifest async@^3.2.3
547 silly packumentCache full:https://registry.npmjs.org/async cache-miss
548 http fetch GET 200 https://registry.npmjs.org/@img%2fsharp-darwin-arm64 76ms (cache miss)
549 silly packumentCache full:https://registry.npmjs.org/@img%2fsharp-darwin-arm64 set size:undefined disposed:false
550 silly fetch manifest logform@^2.7.0
551 silly packumentCache full:https://registry.npmjs.org/logform cache-miss
552 http fetch GET 200 https://registry.npmjs.org/@img%2fsharp-libvips-linux-arm64 57ms (cache miss)
553 silly packumentCache full:https://registry.npmjs.org/@img%2fsharp-libvips-linux-arm64 set size:undefined disposed:false
554 silly fetch manifest one-time@^1.0.0
555 silly packumentCache full:https://registry.npmjs.org/one-time cache-miss
556 http fetch GET 200 https://registry.npmjs.org/crypto-js 274ms (cache miss)
557 silly packumentCache full:https://registry.npmjs.org/crypto-js set size:undefined disposed:false
558 silly fetch manifest is-stream@^2.0.0
559 silly packumentCache full:https://registry.npmjs.org/is-stream cache-miss
560 http fetch GET 200 https://registry.npmjs.org/@img%2fsharp-libvips-linux-s390x 48ms (cache miss)
561 silly packumentCache full:https://registry.npmjs.org/@img%2fsharp-libvips-linux-s390x set size:undefined disposed:false
562 silly fetch manifest stack-trace@0.0.x
563 silly packumentCache full:https://registry.npmjs.org/stack-trace cache-miss
564 http fetch GET 200 https://registry.npmjs.org/jpeg-exif 296ms (cache miss)
565 silly packumentCache full:https://registry.npmjs.org/jpeg-exif set size:undefined disposed:false
566 silly fetch manifest triple-beam@^1.3.0
567 silly packumentCache full:https://registry.npmjs.org/triple-beam cache-miss
568 http fetch GET 200 https://registry.npmjs.org/@img%2fsharp-libvips-darwin-arm64 59ms (cache miss)
569 silly packumentCache full:https://registry.npmjs.org/@img%2fsharp-libvips-darwin-arm64 set size:undefined disposed:false
570 silly fetch manifest @colors/colors@^1.6.0
571 silly packumentCache full:https://registry.npmjs.org/@colors%2fcolors cache-miss
572 http fetch GET 200 https://registry.npmjs.org/@img%2fsharp-libvips-linuxmusl-x64 66ms (cache miss)
573 silly packumentCache full:https://registry.npmjs.org/@img%2fsharp-libvips-linuxmusl-x64 set size:undefined disposed:false
574 silly fetch manifest readable-stream@^3.4.0
575 silly packumentCache full:https://registry.npmjs.org/readable-stream cache-miss
576 http fetch GET 200 https://registry.npmjs.org/is-stream 49ms (cache miss)
577 silly packumentCache full:https://registry.npmjs.org/is-stream set size:undefined disposed:false
578 silly fetch manifest @dabh/diagnostics@^2.0.8
579 silly packumentCache full:https://registry.npmjs.org/@dabh%2fdiagnostics cache-miss
580 http fetch GET 200 https://registry.npmjs.org/@img%2fsharp-libvips-linuxmusl-arm64 74ms (cache miss)
581 silly packumentCache full:https://registry.npmjs.org/@img%2fsharp-libvips-linuxmusl-arm64 set size:undefined disposed:false
582 silly fetch manifest winston-transport@^4.9.0
583 silly packumentCache full:https://registry.npmjs.org/winston-transport cache-miss
584 http fetch GET 200 https://registry.npmjs.org/stack-trace 48ms (cache miss)
585 silly packumentCache full:https://registry.npmjs.org/stack-trace set size:undefined disposed:false
586 silly fetch manifest safe-stable-stringify@^2.3.1
587 silly packumentCache full:https://registry.npmjs.org/safe-stable-stringify cache-miss
588 http fetch GET 200 https://registry.npmjs.org/triple-beam 45ms (cache miss)
589 silly packumentCache full:https://registry.npmjs.org/triple-beam set size:undefined disposed:false
590 http fetch GET 200 https://registry.npmjs.org/@colors%2fcolors 45ms (cache miss)
591 silly packumentCache full:https://registry.npmjs.org/@colors%2fcolors set size:undefined disposed:false
592 http fetch GET 200 https://registry.npmjs.org/@img%2fsharp-win32-x64 287ms (cache miss)
593 silly packumentCache full:https://registry.npmjs.org/@img%2fsharp-win32-x64 set size:undefined disposed:false
594 http fetch GET 200 https://registry.npmjs.org/winston-transport 50ms (cache miss)
595 silly packumentCache full:https://registry.npmjs.org/winston-transport set size:undefined disposed:false
596 http fetch GET 200 https://registry.npmjs.org/readable-stream 65ms (cache miss)
597 silly packumentCache full:https://registry.npmjs.org/readable-stream set size:undefined disposed:false
598 http fetch GET 200 https://registry.npmjs.org/safe-stable-stringify 53ms (cache miss)
599 silly packumentCache full:https://registry.npmjs.org/safe-stable-stringify set size:undefined disposed:false
600 http fetch GET 200 https://registry.npmjs.org/@img%2fsharp-linux-arm64 281ms (cache miss)
601 silly packumentCache full:https://registry.npmjs.org/@img%2fsharp-linux-arm64 set size:undefined disposed:false
602 http fetch GET 200 https://registry.npmjs.org/@img%2fsharp-linuxmusl-x64 285ms (cache miss)
603 silly packumentCache full:https://registry.npmjs.org/@img%2fsharp-linuxmusl-x64 set size:undefined disposed:false
604 http fetch GET 200 https://registry.npmjs.org/@img%2fsharp-linux-s390x 294ms (cache miss)
605 silly packumentCache full:https://registry.npmjs.org/@img%2fsharp-linux-s390x set size:undefined disposed:false
606 http fetch GET 200 https://registry.npmjs.org/@img%2fsharp-libvips-darwin-x64 275ms (cache miss)
607 silly packumentCache full:https://registry.npmjs.org/@img%2fsharp-libvips-darwin-x64 set size:undefined disposed:false
608 http fetch GET 200 https://registry.npmjs.org/ignore-by-default 537ms (cache miss)
609 silly packumentCache full:https://registry.npmjs.org/ignore-by-default set size:undefined disposed:false
610 http fetch GET 200 https://registry.npmjs.org/logform 268ms (cache miss)
611 silly packumentCache full:https://registry.npmjs.org/logform set size:undefined disposed:false
612 http fetch GET 200 https://registry.npmjs.org/one-time 270ms (cache miss)
613 silly packumentCache full:https://registry.npmjs.org/one-time set size:undefined disposed:false
614 http fetch GET 200 https://registry.npmjs.org/async 282ms (cache miss)
615 silly packumentCache full:https://registry.npmjs.org/async set size:undefined disposed:false
616 http fetch GET 200 https://registry.npmjs.org/@dabh%2fdiagnostics 525ms (cache miss)
617 silly packumentCache full:https://registry.npmjs.org/@dabh%2fdiagnostics set size:undefined disposed:false
618 silly placeDep ROOT follow-redirects@1.16.0 OK for: axios@1.20.0 want: ^1.16.0
619 silly placeDep ROOT form-data@4.0.6 OK for: axios@1.20.0 want: ^4.0.6
620 silly placeDep ROOT https-proxy-agent@5.0.1 OK for: axios@1.20.0 want: ^5.0.1
621 silly placeDep ROOT proxy-from-env@2.1.0 OK for: axios@1.20.0 want: ^2.1.0
622 silly fetch manifest hasown@^2.0.4
623 silly packumentCache full:https://registry.npmjs.org/hasown cache-miss
624 silly fetch manifest asynckit@^0.4.0
625 silly packumentCache full:https://registry.npmjs.org/asynckit cache-miss
626 silly fetch manifest mime-types@^2.1.35
627 silly packumentCache full:https://registry.npmjs.org/mime-types cache-miss
628 silly fetch manifest combined-stream@^1.0.8
629 silly packumentCache full:https://registry.npmjs.org/combined-stream cache-miss
630 silly fetch manifest es-set-tostringtag@^2.1.0
631 silly packumentCache full:https://registry.npmjs.org/es-set-tostringtag cache-miss
632 silly fetch manifest debug@4
633 silly packumentCache full:https://registry.npmjs.org/debug cache-hit
634 silly fetch manifest agent-base@6
635 silly packumentCache full:https://registry.npmjs.org/agent-base cache-miss
636 http fetch GET 200 https://registry.npmjs.org/agent-base 44ms (cache miss)
637 silly packumentCache full:https://registry.npmjs.org/agent-base set size:undefined disposed:false
638 http fetch GET 200 https://registry.npmjs.org/asynckit 53ms (cache miss)
639 silly packumentCache full:https://registry.npmjs.org/asynckit set size:undefined disposed:false
640 http fetch GET 200 https://registry.npmjs.org/mime-types 54ms (cache miss)
641 silly packumentCache full:https://registry.npmjs.org/mime-types set size:undefined disposed:false
642 http fetch GET 200 https://registry.npmjs.org/hasown 58ms (cache miss)
643 silly packumentCache full:https://registry.npmjs.org/hasown set size:undefined disposed:false
644 http fetch GET 200 https://registry.npmjs.org/combined-stream 57ms (cache miss)
645 silly packumentCache full:https://registry.npmjs.org/combined-stream set size:undefined disposed:false
646 http fetch GET 200 https://registry.npmjs.org/es-set-tostringtag 277ms (cache miss)
647 silly packumentCache full:https://registry.npmjs.org/es-set-tostringtag set size:undefined disposed:false
648 silly placeDep ROOT lodash@4.18.1 OK for: cloudinary@2.11.0 want: ^4.17.23
649 silly placeDep ROOT cookie@0.7.2 OK for: cookie-parser@1.4.7 want: 0.7.2
650 silly placeDep ROOT cookie-signature@1.0.6 OK for: cookie-parser@1.4.7 want: 1.0.6
651 silly placeDep ROOT object-assign@4.1.1 OK for: cors@2.8.6 want: ^4
652 silly placeDep ROOT vary@1.1.2 OK for: cors@2.8.6 want: ^1
653 silly placeDep ROOT accepts@1.3.8 OK for: express@4.22.2 want: ~1.3.8
654 silly placeDep ROOT array-flatten@1.1.1 OK for: express@4.22.2 want: 1.1.1
655 silly placeDep ROOT body-parser@1.20.6 OK for: express@4.22.2 want: ~1.20.5
656 silly placeDep ROOT content-disposition@0.5.4 OK for: express@4.22.2 want: ~0.5.4
657 silly placeDep ROOT content-type@1.0.5 OK for: express@4.22.2 want: ~1.0.4
658 silly placeDep ROOT debug@2.6.9 OK for: express@4.22.2 want: 2.6.9
659 silly placeDep ROOT depd@2.0.0 OK for: express@4.22.2 want: 2.0.0
660 silly placeDep ROOT encodeurl@2.0.0 OK for: express@4.22.2 want: ~2.0.0
661 silly placeDep ROOT escape-html@1.0.3 OK for: express@4.22.2 want: ~1.0.3
662 silly placeDep ROOT etag@1.8.1 OK for: express@4.22.2 want: ~1.8.1
663 silly placeDep ROOT finalhandler@1.3.2 OK for: express@4.22.2 want: ~1.3.1
664 silly placeDep ROOT fresh@0.5.2 OK for: express@4.22.2 want: ~0.5.2
665 silly placeDep ROOT http-errors@2.0.1 OK for: express@4.22.2 want: ~2.0.0
666 silly placeDep ROOT merge-descriptors@1.0.3 OK for: express@4.22.2 want: 1.0.3
667 silly placeDep ROOT methods@1.1.2 OK for: express@4.22.2 want: ~1.1.2
668 silly placeDep ROOT on-finished@2.4.1 OK for: express@4.22.2 want: ~2.4.1
669 silly placeDep ROOT parseurl@1.3.3 OK for: express@4.22.2 want: ~1.3.3
670 silly placeDep ROOT path-to-regexp@0.1.13 OK for: express@4.22.2 want: ~0.1.12
671 silly placeDep ROOT proxy-addr@2.0.7 OK for: express@4.22.2 want: ~2.0.7
672 silly placeDep ROOT qs@6.15.3 OK for: express@4.22.2 want: ~6.15.1
673 silly placeDep ROOT range-parser@1.2.1 OK for: express@4.22.2 want: ~1.2.1
674 silly placeDep ROOT safe-buffer@5.2.1 OK for: express@4.22.2 want: 5.2.1
675 silly placeDep ROOT send@0.19.2 OK for: express@4.22.2 want: ~0.19.0
676 silly placeDep ROOT serve-static@1.16.3 OK for: express@4.22.2 want: ~1.16.2
677 silly placeDep ROOT setprototypeof@1.2.0 OK for: express@4.22.2 want: 1.2.0
678 silly placeDep ROOT statuses@2.0.2 OK for: express@4.22.2 want: ~2.0.1
679 silly placeDep ROOT type-is@1.6.18 OK for: express@4.22.2 want: ~1.6.18
680 silly placeDep ROOT utils-merge@1.0.1 OK for: express@4.22.2 want: 1.0.1
681 silly fetch manifest mime-types@~2.1.34
682 silly packumentCache full:https://registry.npmjs.org/mime-types cache-miss
683 silly fetch manifest negotiator@0.6.3
684 silly packumentCache full:https://registry.npmjs.org/negotiator cache-miss
685 silly fetch manifest bytes@~3.1.2
686 silly packumentCache full:https://registry.npmjs.org/bytes cache-miss
687 silly fetch manifest unpipe@~1.0.0
688 silly packumentCache full:https://registry.npmjs.org/unpipe cache-miss
689 silly fetch manifest destroy@~1.2.0
690 silly packumentCache full:https://registry.npmjs.org/destroy cache-miss
691 silly fetch manifest raw-body@~2.5.3
692 silly packumentCache full:https://registry.npmjs.org/raw-body cache-miss
693 silly fetch manifest iconv-lite@~0.4.24
694 silly packumentCache full:https://registry.npmjs.org/iconv-lite cache-miss
695 silly fetch manifest http-errors@~2.0.1
696 silly packumentCache full:https://registry.npmjs.org/http-errors cache-miss
697 silly fetch manifest content-type@~1.0.5
698 silly packumentCache full:https://registry.npmjs.org/content-type cache-miss
699 silly fetch manifest ms@2.0.0
700 silly packumentCache full:https://registry.npmjs.org/ms cache-hit
701 silly fetch manifest unpipe@~1.0.0
702 silly packumentCache full:https://registry.npmjs.org/unpipe cache-miss
703 silly fetch manifest statuses@~2.0.2
704 silly packumentCache full:https://registry.npmjs.org/statuses cache-miss
705 silly fetch manifest inherits@~2.0.4
706 silly packumentCache full:https://registry.npmjs.org/inherits cache-miss
707 silly fetch manifest setprototypeof@~1.2.0
708 silly packumentCache full:https://registry.npmjs.org/setprototypeof cache-miss
709 silly fetch manifest statuses@~2.0.2
710 silly packumentCache full:https://registry.npmjs.org/statuses cache-miss
711 silly fetch manifest toidentifier@~1.0.1
712 silly packumentCache full:https://registry.npmjs.org/toidentifier cache-miss
713 http cache https://registry.npmjs.org/mime-types 19ms (cache hit)
714 silly packumentCache full:https://registry.npmjs.org/mime-types set size:139110 disposed:false
715 silly fetch manifest ee-first@1.1.1
716 silly packumentCache full:https://registry.npmjs.org/ee-first cache-miss
717 http cache https://registry.npmjs.org/statuses 14ms (cache hit)
718 silly packumentCache full:https://registry.npmjs.org/statuses set size:37117 disposed:false
719 silly fetch manifest forwarded@0.2.0
720 silly packumentCache full:https://registry.npmjs.org/forwarded cache-miss
721 http cache https://registry.npmjs.org/content-type 21ms (cache hit)
722 silly packumentCache full:https://registry.npmjs.org/content-type set size:23936 disposed:false
723 silly fetch manifest ipaddr.js@1.9.1
724 silly packumentCache full:https://registry.npmjs.org/ipaddr.js cache-miss
725 http cache https://registry.npmjs.org/http-errors 23ms (cache hit)
726 silly packumentCache full:https://registry.npmjs.org/http-errors set size:71987 disposed:false
727 silly fetch manifest side-channel@^1.1.1
728 silly packumentCache full:https://registry.npmjs.org/side-channel cache-miss
729 http cache https://registry.npmjs.org/statuses 23ms (cache hit)
730 silly packumentCache full:https://registry.npmjs.org/statuses set size:37117 disposed:false
731 silly packumentCache full:https://registry.npmjs.org/statuses dispose
732 silly fetch manifest es-define-property@^1.0.1
733 silly packumentCache full:https://registry.npmjs.org/es-define-property cache-miss
734 http cache https://registry.npmjs.org/setprototypeof 24ms (cache hit)
735 silly packumentCache full:https://registry.npmjs.org/setprototypeof set size:14532 disposed:false
736 silly fetch manifest mime@1.6.0
737 silly packumentCache full:https://registry.npmjs.org/mime cache-miss
738 http fetch GET 200 https://registry.npmjs.org/destroy 45ms (cache miss)
739 silly packumentCache full:https://registry.npmjs.org/destroy set size:undefined disposed:false
740 silly fetch manifest destroy@1.2.0
741 silly packumentCache full:https://registry.npmjs.org/destroy cache-miss
742 http fetch GET 200 https://registry.npmjs.org/unpipe 44ms (cache miss)
743 silly packumentCache full:https://registry.npmjs.org/unpipe set size:undefined disposed:false
744 silly fetch manifest mime-types@~2.1.24
745 silly packumentCache full:https://registry.npmjs.org/mime-types cache-hit
746 silly fetch manifest media-typer@0.3.0
747 silly packumentCache full:https://registry.npmjs.org/media-typer cache-miss
748 http fetch GET 200 https://registry.npmjs.org/bytes 52ms (cache miss)
749 silly packumentCache full:https://registry.npmjs.org/bytes set size:undefined disposed:false
750 http fetch GET 200 https://registry.npmjs.org/inherits 48ms (cache miss)
751 silly packumentCache full:https://registry.npmjs.org/inherits set size:undefined disposed:false
752 http fetch GET 200 https://registry.npmjs.org/ee-first 57ms (cache miss)
753 silly packumentCache full:https://registry.npmjs.org/ee-first set size:undefined disposed:false
754 http cache https://registry.npmjs.org/destroy 31ms (cache hit)
755 silly packumentCache full:https://registry.npmjs.org/destroy set size:15738 disposed:false
756 http fetch GET 200 https://registry.npmjs.org/forwarded 59ms (cache miss)
757 silly packumentCache full:https://registry.npmjs.org/forwarded set size:undefined disposed:false
758 http fetch GET 200 https://registry.npmjs.org/toidentifier 76ms (cache miss)
759 silly packumentCache full:https://registry.npmjs.org/toidentifier set size:undefined disposed:false
760 http fetch GET 200 https://registry.npmjs.org/unpipe 83ms (cache miss)
761 silly packumentCache full:https://registry.npmjs.org/unpipe set size:undefined disposed:false
762 http fetch GET 200 https://registry.npmjs.org/iconv-lite 83ms (cache miss)
763 silly packumentCache full:https://registry.npmjs.org/iconv-lite set size:undefined disposed:false
764 http fetch GET 200 https://registry.npmjs.org/raw-body 85ms (cache miss)
765 silly packumentCache full:https://registry.npmjs.org/raw-body set size:undefined disposed:false
766 http fetch GET 200 https://registry.npmjs.org/ipaddr.js 66ms (cache miss)
767 silly packumentCache full:https://registry.npmjs.org/ipaddr.js set size:undefined disposed:false
768 http fetch GET 200 https://registry.npmjs.org/es-define-property 62ms (cache miss)
769 silly packumentCache full:https://registry.npmjs.org/es-define-property set size:undefined disposed:false
770 http fetch GET 200 https://registry.npmjs.org/side-channel 66ms (cache miss)
771 silly packumentCache full:https://registry.npmjs.org/side-channel set size:undefined disposed:false
772 http fetch GET 200 https://registry.npmjs.org/media-typer 45ms (cache miss)
773 silly packumentCache full:https://registry.npmjs.org/media-typer set size:undefined disposed:false
774 http fetch GET 200 https://registry.npmjs.org/negotiator 309ms (cache miss)
775 silly packumentCache full:https://registry.npmjs.org/negotiator set size:undefined disposed:false
776 http fetch GET 200 https://registry.npmjs.org/mime 287ms (cache miss)
777 silly packumentCache full:https://registry.npmjs.org/mime set size:undefined disposed:false
778 silly placeDep ROOT mime-types@2.1.35 OK for: accepts@1.3.8 want: ~2.1.34
779 silly placeDep ROOT negotiator@0.6.3 OK for: accepts@1.3.8 want: 0.6.3
780 silly fetch manifest mime-db@1.52.0
781 silly packumentCache full:https://registry.npmjs.org/mime-db cache-miss
782 http fetch GET 200 https://registry.npmjs.org/mime-db 53ms (cache miss)
783 silly packumentCache full:https://registry.npmjs.org/mime-db set size:undefined disposed:false
784 silly placeDep ROOT bytes@3.1.2 OK for: body-parser@1.20.6 want: ~3.1.2
785 silly placeDep ROOT destroy@1.2.0 OK for: body-parser@1.20.6 want: ~1.2.0
786 silly placeDep ROOT iconv-lite@0.4.24 OK for: body-parser@1.20.6 want: ~0.4.24
787 silly placeDep ROOT raw-body@2.5.3 OK for: body-parser@1.20.6 want: ~2.5.3
788 silly placeDep ROOT unpipe@1.0.0 OK for: body-parser@1.20.6 want: ~1.0.0
789 silly fetch manifest safer-buffer@>= 2.1.2 < 3
790 silly packumentCache full:https://registry.npmjs.org/safer-buffer cache-miss
791 http fetch GET 200 https://registry.npmjs.org/safer-buffer 57ms (cache miss)
792 silly packumentCache full:https://registry.npmjs.org/safer-buffer set size:undefined disposed:false
793 silly placeDep ROOT ms@2.0.0 OK for: debug@2.6.9 want: 2.0.0
794 silly placeDep ROOT validator@13.15.35 OK for: express-validator@7.3.2 want: ~13.15.23
795 silly placeDep ROOT get-stream@9.0.1 OK for: file-type@19.6.0 want: ^9.0.1
796 silly placeDep ROOT strtok3@9.1.1 OK for: file-type@19.6.0 want: ^9.0.1
797 silly placeDep ROOT token-types@6.1.2 OK for: file-type@19.6.0 want: ^6.0.0
798 silly placeDep ROOT uint8array-extras@1.5.0 OK for: file-type@19.6.0 want: ^1.3.0
799 silly fetch manifest @sec-ant/readable-stream@^0.4.1
800 silly packumentCache full:https://registry.npmjs.org/@sec-ant%2freadable-stream cache-miss
801 silly fetch manifest is-stream@^4.0.1
802 silly packumentCache full:https://registry.npmjs.org/is-stream cache-miss
803 silly fetch manifest peek-readable@^5.3.1
804 silly packumentCache full:https://registry.npmjs.org/peek-readable cache-miss
805 silly fetch manifest @tokenizer/token@^0.3.0
806 silly packumentCache full:https://registry.npmjs.org/@tokenizer%2ftoken cache-miss
807 silly fetch manifest @borewit/text-codec@^0.2.1
808 silly packumentCache full:https://registry.npmjs.org/@borewit%2ftext-codec cache-miss
809 silly fetch manifest @tokenizer/token@^0.3.0
810 silly packumentCache full:https://registry.npmjs.org/@tokenizer%2ftoken cache-miss
811 silly fetch manifest ieee754@^1.2.1
812 silly packumentCache full:https://registry.npmjs.org/ieee754 cache-miss
813 http cache https://registry.npmjs.org/is-stream 8ms (cache hit)
814 silly packumentCache full:https://registry.npmjs.org/is-stream set size:18582 disposed:false
815 http fetch GET 200 https://registry.npmjs.org/ieee754 96ms (cache miss)
816 silly packumentCache full:https://registry.npmjs.org/ieee754 set size:undefined disposed:false
817 http fetch GET 200 https://registry.npmjs.org/@borewit%2ftext-codec 98ms (cache miss)
818 silly packumentCache full:https://registry.npmjs.org/@borewit%2ftext-codec set size:undefined disposed:false
819 http fetch GET 200 https://registry.npmjs.org/peek-readable 105ms (cache miss)
820 silly packumentCache full:https://registry.npmjs.org/peek-readable set size:undefined disposed:false
821 http fetch GET 200 https://registry.npmjs.org/@tokenizer%2ftoken 107ms (cache miss)
822 silly packumentCache full:https://registry.npmjs.org/@tokenizer%2ftoken set size:undefined disposed:false
823 http fetch GET 200 https://registry.npmjs.org/@tokenizer%2ftoken 113ms (cache miss)
824 silly packumentCache full:https://registry.npmjs.org/@tokenizer%2ftoken set size:undefined disposed:false
825 http fetch GET 200 https://registry.npmjs.org/@sec-ant%2freadable-stream 579ms (cache miss)
826 silly packumentCache full:https://registry.npmjs.org/@sec-ant%2freadable-stream set size:undefined disposed:false
827 silly placeDep ROOT asynckit@0.4.0 OK for: form-data@4.0.6 want: ^0.4.0
828 silly placeDep ROOT combined-stream@1.0.8 OK for: form-data@4.0.6 want: ^1.0.8
829 silly placeDep ROOT es-set-tostringtag@2.1.0 OK for: form-data@4.0.6 want: ^2.1.0
830 silly placeDep ROOT hasown@2.0.4 OK for: form-data@4.0.6 want: ^2.0.4
831 silly fetch manifest delayed-stream@~1.0.0
832 silly packumentCache full:https://registry.npmjs.org/delayed-stream cache-miss
833 silly fetch manifest es-errors@^1.3.0
834 silly packumentCache full:https://registry.npmjs.org/es-errors cache-miss
835 silly fetch manifest get-intrinsic@^1.2.6
836 silly packumentCache full:https://registry.npmjs.org/get-intrinsic cache-miss
837 silly fetch manifest has-tostringtag@^1.0.2
838 silly packumentCache full:https://registry.npmjs.org/has-tostringtag cache-miss
839 silly fetch manifest hasown@^2.0.2
840 silly packumentCache full:https://registry.npmjs.org/hasown cache-miss
841 silly fetch manifest function-bind@^1.1.2
842 silly packumentCache full:https://registry.npmjs.org/function-bind cache-miss
843 http cache https://registry.npmjs.org/hasown 6ms (cache hit)
844 silly packumentCache full:https://registry.npmjs.org/hasown set size:18361 disposed:false
845 http fetch GET 200 https://registry.npmjs.org/has-tostringtag 78ms (cache miss)
846 silly packumentCache full:https://registry.npmjs.org/has-tostringtag set size:undefined disposed:false
847 http fetch GET 200 https://registry.npmjs.org/delayed-stream 80ms (cache miss)
848 silly packumentCache full:https://registry.npmjs.org/delayed-stream set size:undefined disposed:false
849 http fetch GET 200 https://registry.npmjs.org/function-bind 79ms (cache miss)
850 silly packumentCache full:https://registry.npmjs.org/function-bind set size:undefined disposed:false
851 http fetch GET 200 https://registry.npmjs.org/get-intrinsic 83ms (cache miss)
852 silly packumentCache full:https://registry.npmjs.org/get-intrinsic set size:undefined disposed:false
853 http fetch GET 200 https://registry.npmjs.org/es-errors 85ms (cache miss)
854 silly packumentCache full:https://registry.npmjs.org/es-errors set size:undefined disposed:false
855 silly placeDep ROOT delayed-stream@1.0.0 OK for: combined-stream@1.0.8 want: ~1.0.0
856 silly placeDep ROOT es-errors@1.3.0 OK for: es-set-tostringtag@2.1.0 want: ^1.3.0
857 silly placeDep ROOT get-intrinsic@1.3.0 OK for: es-set-tostringtag@2.1.0 want: ^1.2.6
858 silly placeDep ROOT has-tostringtag@1.0.2 OK for: es-set-tostringtag@2.1.0 want: ^1.0.2
859 silly fetch manifest gopd@^1.2.0
860 silly packumentCache full:https://registry.npmjs.org/gopd cache-miss
861 silly fetch manifest get-proto@^1.0.1
862 silly packumentCache full:https://registry.npmjs.org/get-proto cache-miss
863 silly fetch manifest has-symbols@^1.1.0
864 silly packumentCache full:https://registry.npmjs.org/has-symbols cache-miss
865 silly fetch manifest es-object-atoms@^1.1.1
866 silly packumentCache full:https://registry.npmjs.org/es-object-atoms cache-miss
867 silly fetch manifest math-intrinsics@^1.1.0
868 silly packumentCache full:https://registry.npmjs.org/math-intrinsics cache-miss
869 silly fetch manifest call-bind-apply-helpers@^1.0.2
870 silly packumentCache full:https://registry.npmjs.org/call-bind-apply-helpers cache-miss
871 silly fetch manifest has-symbols@^1.0.3
872 silly packumentCache full:https://registry.npmjs.org/has-symbols cache-miss
873 http fetch GET 200 https://registry.npmjs.org/call-bind-apply-helpers 61ms (cache miss)
874 silly packumentCache full:https://registry.npmjs.org/call-bind-apply-helpers set size:undefined disposed:false
875 http fetch GET 200 https://registry.npmjs.org/has-symbols 67ms (cache miss)
876 silly packumentCache full:https://registry.npmjs.org/has-symbols set size:undefined disposed:false
877 http fetch GET 200 https://registry.npmjs.org/has-symbols 69ms (cache miss)
878 silly packumentCache full:https://registry.npmjs.org/has-symbols set size:undefined disposed:false
879 http fetch GET 200 https://registry.npmjs.org/gopd 72ms (cache miss)
880 silly packumentCache full:https://registry.npmjs.org/gopd set size:undefined disposed:false
881 http fetch GET 200 https://registry.npmjs.org/get-proto 73ms (cache miss)
882 silly packumentCache full:https://registry.npmjs.org/get-proto set size:undefined disposed:false
883 http fetch GET 200 https://registry.npmjs.org/es-object-atoms 73ms (cache miss)
884 silly packumentCache full:https://registry.npmjs.org/es-object-atoms set size:undefined disposed:false
885 http fetch GET 200 https://registry.npmjs.org/math-intrinsics 74ms (cache miss)
886 silly packumentCache full:https://registry.npmjs.org/math-intrinsics set size:undefined disposed:false
887 silly placeDep ROOT call-bind-apply-helpers@1.0.2 OK for: get-intrinsic@1.3.0 want: ^1.0.2
888 silly placeDep ROOT es-define-property@1.0.1 OK for: get-intrinsic@1.3.0 want: ^1.0.1
889 silly placeDep ROOT es-object-atoms@1.1.2 OK for: get-intrinsic@1.3.0 want: ^1.1.1
890 silly placeDep ROOT function-bind@1.1.2 OK for: get-intrinsic@1.3.0 want: ^1.1.2
891 silly placeDep ROOT get-proto@1.0.1 OK for: get-intrinsic@1.3.0 want: ^1.0.1
892 silly placeDep ROOT gopd@1.2.0 OK for: get-intrinsic@1.3.0 want: ^1.2.0
893 silly placeDep ROOT has-symbols@1.1.0 OK for: get-intrinsic@1.3.0 want: ^1.1.0
894 silly placeDep ROOT math-intrinsics@1.1.0 OK for: get-intrinsic@1.3.0 want: ^1.1.0
895 silly fetch manifest dunder-proto@^1.0.1
896 silly packumentCache full:https://registry.npmjs.org/dunder-proto cache-miss
897 http fetch GET 200 https://registry.npmjs.org/dunder-proto 75ms (cache miss)
898 silly packumentCache full:https://registry.npmjs.org/dunder-proto set size:undefined disposed:false
899 silly placeDep ROOT dunder-proto@1.0.1 OK for: get-proto@1.0.1 want: ^1.0.1
900 silly placeDep ROOT @sec-ant/readable-stream@0.4.1 OK for: get-stream@9.0.1 want: ^0.4.1
901 silly placeDep ROOT is-stream@4.0.1 OK for: get-stream@9.0.1 want: ^4.0.1
902 silly placeDep ROOT google-auth-library@9.15.1 OK for: googleapis@140.0.1 want: ^9.0.0
903 silly placeDep ROOT googleapis-common@7.2.0 OK for: googleapis@140.0.1 want: ^7.0.0
904 silly fetch manifest jws@^4.0.0
905 silly packumentCache full:https://registry.npmjs.org/jws cache-miss
906 silly fetch manifest gaxios@^6.1.1
907 silly packumentCache full:https://registry.npmjs.org/gaxios cache-miss
908 silly fetch manifest gtoken@^7.0.0
909 silly packumentCache full:https://registry.npmjs.org/gtoken cache-miss
910 silly fetch manifest base64-js@^1.3.0
911 silly packumentCache full:https://registry.npmjs.org/base64-js cache-miss
912 silly fetch manifest gcp-metadata@^6.1.0
913 silly packumentCache full:https://registry.npmjs.org/gcp-metadata cache-miss
914 silly fetch manifest ecdsa-sig-formatter@^1.0.11
915 silly packumentCache full:https://registry.npmjs.org/ecdsa-sig-formatter cache-miss
916 silly fetch manifest extend@^3.0.2
917 silly packumentCache full:https://registry.npmjs.org/extend cache-miss
918 silly fetch manifest gaxios@^6.0.3
919 silly packumentCache full:https://registry.npmjs.org/gaxios cache-miss
920 silly fetch manifest url-template@^2.0.8
921 silly packumentCache full:https://registry.npmjs.org/url-template cache-miss
922 http cache https://registry.npmjs.org/jws 13ms (cache hit)
923 silly packumentCache full:https://registry.npmjs.org/jws set size:48740 disposed:false
924 http fetch GET 200 https://registry.npmjs.org/url-template 87ms (cache miss)
925 silly packumentCache full:https://registry.npmjs.org/url-template set size:undefined disposed:false
926 http fetch GET 200 https://registry.npmjs.org/gtoken 91ms (cache miss)
927 silly packumentCache full:https://registry.npmjs.org/gtoken set size:undefined disposed:false
928 http fetch GET 200 https://registry.npmjs.org/base64-js 95ms (cache miss)
929 silly packumentCache full:https://registry.npmjs.org/base64-js set size:undefined disposed:false
930 http fetch GET 200 https://registry.npmjs.org/gcp-metadata 101ms (cache miss)
931 silly packumentCache full:https://registry.npmjs.org/gcp-metadata set size:undefined disposed:false
932 http fetch GET 200 https://registry.npmjs.org/ecdsa-sig-formatter 104ms (cache miss)
933 silly packumentCache full:https://registry.npmjs.org/ecdsa-sig-formatter set size:undefined disposed:false
934 http fetch GET 200 https://registry.npmjs.org/extend 106ms (cache miss)
935 silly packumentCache full:https://registry.npmjs.org/extend set size:undefined disposed:false
936 http fetch GET 200 https://registry.npmjs.org/gaxios 114ms (cache miss)
937 silly packumentCache full:https://registry.npmjs.org/gaxios set size:undefined disposed:false
938 http fetch GET 200 https://registry.npmjs.org/gaxios 115ms (cache miss)
939 silly packumentCache full:https://registry.npmjs.org/gaxios set size:undefined disposed:false
940 silly placeDep ROOT base64-js@1.5.1 OK for: google-auth-library@9.15.1 want: ^1.3.0
941 silly placeDep ROOT ecdsa-sig-formatter@1.0.11 OK for: google-auth-library@9.15.1 want: ^1.0.11
942 silly placeDep ROOT gaxios@6.7.1 OK for: google-auth-library@9.15.1 want: ^6.1.1
943 silly placeDep ROOT gcp-metadata@6.1.1 OK for: google-auth-library@9.15.1 want: ^6.1.0
944 silly placeDep ROOT gtoken@7.1.0 OK for: google-auth-library@9.15.1 want: ^7.0.0
945 silly placeDep ROOT jws@4.0.1 OK for: google-auth-library@9.15.1 want: ^4.0.0
946 silly fetch manifest node-fetch@^2.6.9
947 silly packumentCache full:https://registry.npmjs.org/node-fetch cache-miss
948 silly fetch manifest https-proxy-agent@^7.0.1
949 silly packumentCache full:https://registry.npmjs.org/https-proxy-agent cache-miss
950 silly fetch manifest json-bigint@^1.0.0
951 silly packumentCache full:https://registry.npmjs.org/json-bigint cache-miss
952 silly fetch manifest google-logging-utils@^0.0.2
953 silly packumentCache full:https://registry.npmjs.org/google-logging-utils cache-miss
954 silly fetch manifest jwa@^2.0.1
955 silly packumentCache full:https://registry.npmjs.org/jwa cache-miss
956 http cache https://registry.npmjs.org/https-proxy-agent 7ms (cache hit)
957 silly packumentCache full:https://registry.npmjs.org/https-proxy-agent set size:83792 disposed:false
958 http fetch GET 200 https://registry.npmjs.org/json-bigint 45ms (cache miss)
959 silly packumentCache full:https://registry.npmjs.org/json-bigint set size:undefined disposed:false
960 http fetch GET 200 https://registry.npmjs.org/google-logging-utils 45ms (cache miss)
961 silly packumentCache full:https://registry.npmjs.org/google-logging-utils set size:undefined disposed:false
962 http fetch GET 200 https://registry.npmjs.org/jwa 46ms (cache miss)
963 silly packumentCache full:https://registry.npmjs.org/jwa set size:undefined disposed:false
964 http fetch GET 200 https://registry.npmjs.org/node-fetch 81ms (cache miss)
965 silly packumentCache full:https://registry.npmjs.org/node-fetch set size:undefined disposed:false
966 silly fetch manifest encoding@^0.1.0
967 silly packumentCache full:https://registry.npmjs.org/encoding cache-miss
968 http fetch GET 200 https://registry.npmjs.org/encoding 71ms (cache miss)
969 silly packumentCache full:https://registry.npmjs.org/encoding set size:undefined disposed:false
970 silly placeDep ROOT extend@3.0.2 OK for: gaxios@6.7.1 want: ^3.0.2
971 silly placeDep node_modules/gaxios https-proxy-agent@7.0.6 OK for: gaxios@6.7.1 want: ^7.0.1
972 silly placeDep node_modules/gaxios is-stream@2.0.1 OK for: gaxios@6.7.1 want: ^2.0.0
973 silly placeDep ROOT node-fetch@2.7.0 OK for: gaxios@6.7.1 want: ^2.6.9
974 silly fetch manifest agent-base@^7.1.2
975 silly packumentCache full:https://registry.npmjs.org/agent-base cache-miss
976 silly fetch manifest whatwg-url@^5.0.0
977 silly packumentCache full:https://registry.npmjs.org/whatwg-url cache-miss
978 http cache https://registry.npmjs.org/agent-base 4ms (cache hit)
979 silly packumentCache full:https://registry.npmjs.org/agent-base set size:72085 disposed:false
980 http fetch GET 200 https://registry.npmjs.org/whatwg-url 73ms (cache miss)
981 silly packumentCache full:https://registry.npmjs.org/whatwg-url set size:undefined disposed:false
982 silly placeDep ROOT google-logging-utils@0.0.2 OK for: gcp-metadata@6.1.1 want: ^0.0.2
983 silly placeDep ROOT json-bigint@1.0.0 OK for: gcp-metadata@6.1.1 want: ^1.0.0
984 silly fetch manifest bignumber.js@^9.0.0
985 silly packumentCache full:https://registry.npmjs.org/bignumber.js cache-miss
986 http fetch GET 200 https://registry.npmjs.org/bignumber.js 60ms (cache miss)
987 silly packumentCache full:https://registry.npmjs.org/bignumber.js set size:undefined disposed:false
988 silly placeDep ROOT url-template@2.0.8 OK for: googleapis-common@7.2.0 want: ^2.0.8
989 silly placeDep ROOT inherits@2.0.4 OK for: http-errors@2.0.1 want: ~2.0.4
990 silly placeDep ROOT toidentifier@1.0.1 OK for: http-errors@2.0.1 want: ~1.0.1
991 silly placeDep ROOT agent-base@6.0.2 OK for: https-proxy-agent@5.0.1 want: 6
992 silly placeDep node_modules/https-proxy-agent debug@4.4.3 OK for: https-proxy-agent@5.0.1 want: 4
993 silly fetch manifest ms@^2.1.3
994 silly packumentCache full:https://registry.npmjs.org/ms cache-hit
995 silly placeDep node_modules/agent-base debug@4.4.3 OK for: agent-base@6.0.2 want: 4
996 silly placeDep ROOT safer-buffer@2.1.2 OK for: iconv-lite@0.4.24 want: >= 2.1.2 < 3
997 silly placeDep ROOT bignumber.js@9.3.1 OK for: json-bigint@1.0.0 want: ^9.0.0
998 silly placeDep ROOT lodash.includes@4.3.0 OK for: jsonwebtoken@9.0.3 want: ^4.3.0
999 silly placeDep ROOT lodash.isboolean@3.0.3 OK for: jsonwebtoken@9.0.3 want: ^3.0.3
1000 silly placeDep ROOT lodash.isinteger@4.0.4 OK for: jsonwebtoken@9.0.3 want: ^4.0.4
1001 silly placeDep ROOT lodash.isnumber@3.0.3 OK for: jsonwebtoken@9.0.3 want: ^3.0.3
1002 silly placeDep ROOT lodash.isplainobject@4.0.6 OK for: jsonwebtoken@9.0.3 want: ^4.0.6
1003 silly placeDep ROOT lodash.isstring@4.0.1 OK for: jsonwebtoken@9.0.3 want: ^4.0.1
1004 silly placeDep ROOT lodash.once@4.1.1 OK for: jsonwebtoken@9.0.3 want: ^4.0.0
1005 silly placeDep node_modules/jsonwebtoken ms@2.1.3 OK for: jsonwebtoken@9.0.3 want: ^2.1.1
1006 silly placeDep ROOT semver@7.8.5 OK for: jsonwebtoken@9.0.3 want: ^7.5.4
1007 silly placeDep ROOT jwa@2.0.1 OK for: jws@4.0.1 want: ^2.0.1
1008 silly fetch manifest buffer-equal-constant-time@^1.0.1
1009 silly packumentCache full:https://registry.npmjs.org/buffer-equal-constant-time cache-miss
1010 http fetch GET 200 https://registry.npmjs.org/buffer-equal-constant-time 38ms (cache miss)
1011 silly packumentCache full:https://registry.npmjs.org/buffer-equal-constant-time set size:undefined disposed:false
1012 silly placeDep ROOT buffer-equal-constant-time@1.0.1 OK for: jwa@2.0.1 want: ^1.0.1
1013 silly placeDep ROOT mime-db@1.52.0 OK for: mime-types@2.1.35 want: 1.52.0
1014 silly fetch manifest @aws-sdk/credential-providers@^3.188.0
1015 silly packumentCache full:https://registry.npmjs.org/@aws-sdk%2fcredential-providers cache-miss
1016 http fetch GET 200 https://registry.npmjs.org/@aws-sdk%2fcredential-providers 852ms (cache miss)
1017 silly packumentCache full:https://registry.npmjs.org/@aws-sdk%2fcredential-providers set size:undefined disposed:false
1018 silly fetch manifest @mongodb-js/zstd@^1.1.0 || ^2.0.0
1019 silly packumentCache full:https://registry.npmjs.org/@mongodb-js%2fzstd cache-miss
1020 http fetch GET 200 https://registry.npmjs.org/@mongodb-js%2fzstd 631ms (cache miss)
1021 silly packumentCache full:https://registry.npmjs.org/@mongodb-js%2fzstd set size:undefined disposed:false
1022 silly fetch manifest gcp-metadata@^5.2.0
1023 silly packumentCache full:https://registry.npmjs.org/gcp-metadata cache-miss
1024 http cache https://registry.npmjs.org/gcp-metadata 2ms (cache hit)
1025 silly packumentCache full:https://registry.npmjs.org/gcp-metadata set size:210123 disposed:false
1026 silly fetch manifest kerberos@^2.0.1
1027 silly packumentCache full:https://registry.npmjs.org/kerberos cache-miss
1028 http fetch GET 200 https://registry.npmjs.org/kerberos 273ms (cache miss)
1029 silly packumentCache full:https://registry.npmjs.org/kerberos set size:undefined disposed:false
1030 silly fetch manifest mongodb-client-encryption@>=6.0.0 <7
1031 silly packumentCache full:https://registry.npmjs.org/mongodb-client-encryption cache-miss
1032 http fetch GET 200 https://registry.npmjs.org/mongodb-client-encryption 77ms (cache miss)
1033 silly packumentCache full:https://registry.npmjs.org/mongodb-client-encryption set size:undefined disposed:false
1034 silly fetch manifest snappy@^7.3.2
1035 silly packumentCache full:https://registry.npmjs.org/snappy cache-miss
1036 http fetch GET 200 https://registry.npmjs.org/snappy 65ms (cache miss)
1037 silly packumentCache full:https://registry.npmjs.org/snappy set size:undefined disposed:false
1038 silly fetch manifest socks@^2.7.1
1039 silly packumentCache full:https://registry.npmjs.org/socks cache-miss
1040 http fetch GET 200 https://registry.npmjs.org/socks 55ms (cache miss)
1041 silly packumentCache full:https://registry.npmjs.org/socks set size:undefined disposed:false
1042 silly placeDep ROOT bson@6.10.4 OK for: mongoose@8.24.4 want: ^6.10.4
1043 silly placeDep ROOT kareem@2.6.3 OK for: mongoose@8.24.4 want: 2.6.3
1044 silly placeDep node_modules/mongoose mongodb@6.20.0 OK for: mongoose@8.24.4 want: ~6.20.0
1045 silly placeDep node_modules/mongoose gcp-metadata@5.3.0 OK for: mongodb@6.20.0 want: ^5.2.0
1046 silly placeDep ROOT mpath@0.9.0 OK for: mongoose@8.24.4 want: 0.9.0
1047 silly placeDep ROOT mquery@5.0.0 OK for: mongoose@8.24.4 want: 5.0.0
1048 silly placeDep node_modules/mongoose ms@2.1.3 OK for: mongoose@8.24.4 want: 2.1.3
1049 silly placeDep ROOT sift@17.1.3 OK for: mongoose@8.24.4 want: 17.1.3
1050 silly fetch manifest @mongodb-js/saslprep@^1.3.0
1051 silly packumentCache full:https://registry.npmjs.org/@mongodb-js%2fsaslprep cache-miss
1052 silly fetch manifest mongodb-connection-string-url@^3.0.2
1053 silly packumentCache full:https://registry.npmjs.org/mongodb-connection-string-url cache-miss
1054 silly fetch manifest gaxios@^5.0.0
1055 silly packumentCache full:https://registry.npmjs.org/gaxios cache-miss
1056 silly fetch manifest debug@4.x
1057 silly packumentCache full:https://registry.npmjs.org/debug cache-hit
1058 http cache https://registry.npmjs.org/gaxios 6ms (cache hit)
1059 silly packumentCache full:https://registry.npmjs.org/gaxios set size:367168 disposed:false
1060 http fetch GET 200 https://registry.npmjs.org/mongodb-connection-string-url 88ms (cache miss)
1061 silly packumentCache full:https://registry.npmjs.org/mongodb-connection-string-url set size:undefined disposed:false
1062 http fetch GET 200 https://registry.npmjs.org/@mongodb-js%2fsaslprep 353ms (cache miss)
1063 silly packumentCache full:https://registry.npmjs.org/@mongodb-js%2fsaslprep set size:undefined disposed:false
1064 silly placeDep node_modules/mquery debug@4.4.3 OK for: mquery@5.0.0 want: 4.x
1065 silly placeDep ROOT append-field@1.0.0 OK for: multer@1.4.5-lts.2 want: ^1.0.0
1066 silly placeDep ROOT busboy@1.6.0 OK for: multer@1.4.5-lts.2 want: ^1.0.0
1067 silly placeDep ROOT concat-stream@1.6.2 OK for: multer@1.4.5-lts.2 want: ^1.5.2
1068 silly placeDep ROOT mkdirp@0.5.6 OK for: multer@1.4.5-lts.2 want: ^0.5.4
1069 silly placeDep ROOT xtend@4.0.2 OK for: multer@1.4.5-lts.2 want: ^4.0.0
1070 silly fetch manifest streamsearch@^1.1.0
1071 silly packumentCache full:https://registry.npmjs.org/streamsearch cache-miss
1072 silly fetch manifest buffer-from@^1.0.0
1073 silly packumentCache full:https://registry.npmjs.org/buffer-from cache-miss
1074 silly fetch manifest readable-stream@^2.2.2
1075 silly packumentCache full:https://registry.npmjs.org/readable-stream cache-miss
1076 silly fetch manifest typedarray@^0.0.6
1077 silly packumentCache full:https://registry.npmjs.org/typedarray cache-miss
1078 silly fetch manifest minimist@^1.2.6
1079 silly packumentCache full:https://registry.npmjs.org/minimist cache-miss
1080 http cache https://registry.npmjs.org/readable-stream 6ms (cache hit)
1081 silly packumentCache full:https://registry.npmjs.org/readable-stream set size:261096 disposed:false
1082 http fetch GET 200 https://registry.npmjs.org/streamsearch 46ms (cache miss)
1083 silly packumentCache full:https://registry.npmjs.org/streamsearch set size:undefined disposed:false
1084 http fetch GET 200 https://registry.npmjs.org/buffer-from 48ms (cache miss)
1085 silly packumentCache full:https://registry.npmjs.org/buffer-from set size:undefined disposed:false
1086 http fetch GET 200 https://registry.npmjs.org/minimist 48ms (cache miss)
1087 silly packumentCache full:https://registry.npmjs.org/minimist set size:undefined disposed:false
1088 http fetch GET 200 https://registry.npmjs.org/typedarray 271ms (cache miss)
1089 silly packumentCache full:https://registry.npmjs.org/typedarray set size:undefined disposed:false
1090 silly placeDep ROOT streamsearch@1.1.0 OK for: busboy@1.6.0 want: ^1.1.0
1091 silly placeDep ROOT buffer-from@1.1.2 OK for: concat-stream@1.6.2 want: ^1.0.0
1092 silly placeDep ROOT readable-stream@2.3.8 OK for: concat-stream@1.6.2 want: ^2.2.2
1093 silly placeDep ROOT typedarray@0.0.6 OK for: concat-stream@1.6.2 want: ^0.0.6
1094 silly fetch manifest isarray@~1.0.0
1095 silly packumentCache full:https://registry.npmjs.org/isarray cache-miss
1096 silly fetch manifest safe-buffer@~5.1.1
1097 silly packumentCache full:https://registry.npmjs.org/safe-buffer cache-miss
1098 silly fetch manifest core-util-is@~1.0.0
1099 silly packumentCache full:https://registry.npmjs.org/core-util-is cache-miss
1100 silly fetch manifest string_decoder@~1.1.1
1101 silly packumentCache full:https://registry.npmjs.org/string_decoder cache-miss
1102 silly fetch manifest util-deprecate@~1.0.1
1103 silly packumentCache full:https://registry.npmjs.org/util-deprecate cache-miss
1104 silly fetch manifest process-nextick-args@~2.0.0
1105 silly packumentCache full:https://registry.npmjs.org/process-nextick-args cache-miss
1106 http cache https://registry.npmjs.org/safe-buffer 7ms (cache hit)
1107 silly packumentCache full:https://registry.npmjs.org/safe-buffer set size:41183 disposed:false
1108 http fetch GET 200 https://registry.npmjs.org/util-deprecate 38ms (cache miss)
1109 silly packumentCache full:https://registry.npmjs.org/util-deprecate set size:undefined disposed:false
1110 http fetch GET 200 https://registry.npmjs.org/string_decoder 40ms (cache miss)
1111 silly packumentCache full:https://registry.npmjs.org/string_decoder set size:undefined disposed:false
1112 http fetch GET 200 https://registry.npmjs.org/core-util-is 45ms (cache miss)
1113 silly packumentCache full:https://registry.npmjs.org/core-util-is set size:undefined disposed:false
1114 http fetch GET 200 https://registry.npmjs.org/process-nextick-args 46ms (cache miss)
1115 silly packumentCache full:https://registry.npmjs.org/process-nextick-args set size:undefined disposed:false
1116 http fetch GET 200 https://registry.npmjs.org/isarray 54ms (cache miss)
1117 silly packumentCache full:https://registry.npmjs.org/isarray set size:undefined disposed:false
1118 silly placeDep ROOT minimist@1.2.8 OK for: mkdirp@0.5.6 want: ^1.2.6
1119 silly placeDep node_modules/node-cron uuid@8.3.2 OK for: node-cron@3.0.3 want: 8.3.2
1120 silly placeDep ROOT whatwg-url@5.0.0 OK for: node-fetch@2.7.0 want: ^5.0.0
1121 silly fetch manifest tr46@~0.0.3
1122 silly packumentCache full:https://registry.npmjs.org/tr46 cache-miss
1123 silly fetch manifest webidl-conversions@^3.0.0
1124 silly packumentCache full:https://registry.npmjs.org/webidl-conversions cache-miss
1125 http fetch GET 200 https://registry.npmjs.org/tr46 36ms (cache miss)
1126 silly packumentCache full:https://registry.npmjs.org/tr46 set size:undefined disposed:false
1127 http fetch GET 200 https://registry.npmjs.org/webidl-conversions 272ms (cache miss)
1128 silly packumentCache full:https://registry.npmjs.org/webidl-conversions set size:undefined disposed:false
1129 silly placeDep ROOT chokidar@3.6.0 OK for: nodemon@3.1.14 want: ^3.5.2
1130 silly placeDep node_modules/nodemon debug@4.4.3 OK for: nodemon@3.1.14 want: ^4
1131 silly placeDep ROOT ignore-by-default@1.0.1 OK for: nodemon@3.1.14 want: ^1.0.1
1132 silly placeDep ROOT minimatch@10.2.6 OK for: nodemon@3.1.14 want: ^10.2.1
1133 silly placeDep ROOT pstree.remy@1.1.8 OK for: nodemon@3.1.14 want: ^1.1.8
1134 silly placeDep ROOT simple-update-notifier@2.0.0 OK for: nodemon@3.1.14 want: ^2.0.0
1135 silly placeDep ROOT supports-color@5.5.0 OK for: nodemon@3.1.14 want: ^5.5.0
1136 silly placeDep ROOT touch@3.1.1 OK for: nodemon@3.1.14 want: ^3.1.0
1137 silly placeDep ROOT undefsafe@2.0.5 OK for: nodemon@3.1.14 want: ^2.0.5
1138 silly fetch manifest braces@~3.0.2
1139 silly packumentCache full:https://registry.npmjs.org/braces cache-miss
1140 silly fetch manifest is-glob@~4.0.1
1141 silly packumentCache full:https://registry.npmjs.org/is-glob cache-miss
1142 silly fetch manifest anymatch@~3.1.2
1143 silly packumentCache full:https://registry.npmjs.org/anymatch cache-miss
1144 silly fetch manifest readdirp@~3.6.0
1145 silly packumentCache full:https://registry.npmjs.org/readdirp cache-miss
1146 silly fetch manifest glob-parent@~5.1.2
1147 silly packumentCache full:https://registry.npmjs.org/glob-parent cache-miss
1148 silly fetch manifest is-binary-path@~2.1.0
1149 silly packumentCache full:https://registry.npmjs.org/is-binary-path cache-miss
1150 silly fetch manifest normalize-path@~3.0.0
1151 silly packumentCache full:https://registry.npmjs.org/normalize-path cache-miss
1152 silly fetch manifest fsevents@~2.3.2
1153 silly packumentCache full:https://registry.npmjs.org/fsevents cache-miss
1154 silly fetch manifest brace-expansion@^5.0.8
1155 silly packumentCache full:https://registry.npmjs.org/brace-expansion cache-miss
1156 silly fetch manifest has-flag@^3.0.0
1157 silly packumentCache full:https://registry.npmjs.org/has-flag cache-miss
1158 http fetch GET 200 https://registry.npmjs.org/has-flag 65ms (cache miss)
1159 silly packumentCache full:https://registry.npmjs.org/has-flag set size:undefined disposed:false
1160 http fetch GET 200 https://registry.npmjs.org/glob-parent 70ms (cache miss)
1161 silly packumentCache full:https://registry.npmjs.org/glob-parent set size:undefined disposed:false
1162 http fetch GET 200 https://registry.npmjs.org/is-binary-path 70ms (cache miss)
1163 silly packumentCache full:https://registry.npmjs.org/is-binary-path set size:undefined disposed:false
1164 http fetch GET 200 https://registry.npmjs.org/normalize-path 71ms (cache miss)
1165 silly packumentCache full:https://registry.npmjs.org/normalize-path set size:undefined disposed:false
1166 http fetch GET 200 https://registry.npmjs.org/brace-expansion 71ms (cache miss)
1167 silly packumentCache full:https://registry.npmjs.org/brace-expansion set size:undefined disposed:false
1168 http fetch GET 200 https://registry.npmjs.org/is-glob 76ms (cache miss)
1169 silly packumentCache full:https://registry.npmjs.org/is-glob set size:undefined disposed:false
1170 http fetch GET 200 https://registry.npmjs.org/braces 77ms (cache miss)
1171 silly packumentCache full:https://registry.npmjs.org/braces set size:undefined disposed:false
1172 http fetch GET 200 https://registry.npmjs.org/readdirp 78ms (cache miss)
1173 silly packumentCache full:https://registry.npmjs.org/readdirp set size:undefined disposed:false
1174 http fetch GET 200 https://registry.npmjs.org/fsevents 78ms (cache miss)
1175 silly packumentCache full:https://registry.npmjs.org/fsevents set size:undefined disposed:false
1176 http fetch GET 200 https://registry.npmjs.org/anymatch 256ms (cache miss)
1177 silly packumentCache full:https://registry.npmjs.org/anymatch set size:undefined disposed:false
1178 silly placeDep ROOT anymatch@3.1.3 OK for: chokidar@3.6.0 want: ~3.1.2
1179 silly placeDep ROOT braces@3.0.3 OK for: chokidar@3.6.0 want: ~3.0.2
1180 silly placeDep ROOT fsevents@2.3.3 OK for: chokidar@3.6.0 want: ~2.3.2
1181 silly placeDep ROOT glob-parent@5.1.2 OK for: chokidar@3.6.0 want: ~5.1.2
1182 silly placeDep ROOT is-binary-path@2.1.0 OK for: chokidar@3.6.0 want: ~2.1.0
1183 silly placeDep ROOT is-glob@4.0.3 OK for: chokidar@3.6.0 want: ~4.0.1
1184 silly placeDep ROOT normalize-path@3.0.0 OK for: chokidar@3.6.0 want: ~3.0.0
1185 silly placeDep ROOT readdirp@3.6.0 OK for: chokidar@3.6.0 want: ~3.6.0
1186 silly fetch manifest picomatch@^2.0.4
1187 silly packumentCache full:https://registry.npmjs.org/picomatch cache-miss
1188 silly fetch manifest normalize-path@^3.0.0
1189 silly packumentCache full:https://registry.npmjs.org/normalize-path cache-miss
1190 silly fetch manifest fill-range@^7.1.1
1191 silly packumentCache full:https://registry.npmjs.org/fill-range cache-miss
1192 silly fetch manifest is-glob@^4.0.1
1193 silly packumentCache full:https://registry.npmjs.org/is-glob cache-miss
1194 silly fetch manifest binary-extensions@^2.0.0
1195 silly packumentCache full:https://registry.npmjs.org/binary-extensions cache-miss
1196 silly fetch manifest is-extglob@^2.1.1
1197 silly packumentCache full:https://registry.npmjs.org/is-extglob cache-miss
1198 silly fetch manifest picomatch@^2.2.1
1199 silly packumentCache full:https://registry.npmjs.org/picomatch cache-miss
1200 http cache https://registry.npmjs.org/normalize-path 9ms (cache hit)
1201 silly packumentCache full:https://registry.npmjs.org/normalize-path set size:28713 disposed:false
1202 http cache https://registry.npmjs.org/is-glob 9ms (cache hit)
1203 silly packumentCache full:https://registry.npmjs.org/is-glob set size:40530 disposed:false
1204 http fetch GET 200 https://registry.npmjs.org/is-extglob 48ms (cache miss)
1205 silly packumentCache full:https://registry.npmjs.org/is-extglob set size:undefined disposed:false
1206 http fetch GET 200 https://registry.npmjs.org/fill-range 55ms (cache miss)
1207 silly packumentCache full:https://registry.npmjs.org/fill-range set size:undefined disposed:false
1208 http fetch GET 200 https://registry.npmjs.org/picomatch 59ms (cache miss)
1209 silly packumentCache full:https://registry.npmjs.org/picomatch set size:undefined disposed:false
1210 http fetch GET 200 https://registry.npmjs.org/binary-extensions 60ms (cache miss)
1211 silly packumentCache full:https://registry.npmjs.org/binary-extensions set size:undefined disposed:false
1212 http fetch GET 200 https://registry.npmjs.org/picomatch 60ms (cache miss)
1213 silly packumentCache full:https://registry.npmjs.org/picomatch set size:undefined disposed:false
1214 silly placeDep ROOT picomatch@2.3.2 OK for: anymatch@3.1.3 want: ^2.0.4
1215 silly placeDep ROOT fill-range@7.1.1 OK for: braces@3.0.3 want: ^7.1.1
1216 silly fetch manifest to-regex-range@^5.0.1
1217 silly packumentCache full:https://registry.npmjs.org/to-regex-range cache-miss
1218 http fetch GET 200 https://registry.npmjs.org/to-regex-range 38ms (cache miss)
1219 silly packumentCache full:https://registry.npmjs.org/to-regex-range set size:undefined disposed:false
1220 silly placeDep ROOT to-regex-range@5.0.1 OK for: fill-range@7.1.1 want: ^5.0.1
1221 silly fetch manifest is-number@^7.0.0
1222 silly packumentCache full:https://registry.npmjs.org/is-number cache-miss
1223 http fetch GET 200 https://registry.npmjs.org/is-number 38ms (cache miss)
1224 silly packumentCache full:https://registry.npmjs.org/is-number set size:undefined disposed:false
1225 silly placeDep ROOT binary-extensions@2.3.0 OK for: is-binary-path@2.1.0 want: ^2.0.0
1226 silly placeDep ROOT is-extglob@2.1.1 OK for: is-glob@4.0.3 want: ^2.1.1
1227 silly placeDep ROOT brace-expansion@5.0.9 OK for: minimatch@10.2.6 want: ^5.0.8
1228 silly fetch manifest balanced-match@^4.0.2
1229 silly packumentCache full:https://registry.npmjs.org/balanced-match cache-miss
1230 http fetch GET 200 https://registry.npmjs.org/balanced-match 38ms (cache miss)
1231 silly packumentCache full:https://registry.npmjs.org/balanced-match set size:undefined disposed:false
1232 silly placeDep ROOT balanced-match@4.0.4 OK for: brace-expansion@5.0.9 want: ^4.0.2
1233 silly placeDep ROOT ee-first@1.1.1 OK for: on-finished@2.4.1 want: 1.1.1
1234 silly placeDep ROOT crypto-js@4.2.0 OK for: pdfkit@0.15.2 want: ^4.2.0
1235 silly placeDep ROOT fontkit@1.9.0 OK for: pdfkit@0.15.2 want: ^1.8.1
1236 silly placeDep ROOT jpeg-exif@1.1.4 OK for: pdfkit@0.15.2 want: ^1.1.4
1237 silly placeDep ROOT linebreak@1.1.0 OK for: pdfkit@0.15.2 want: ^1.0.2
1238 silly placeDep ROOT png-js@1.1.0 OK for: pdfkit@0.15.2 want: ^1.0.0
1239 silly fetch manifest dfa@^1.2.0
1240 silly packumentCache full:https://registry.npmjs.org/dfa cache-miss
1241 silly fetch manifest clone@^2.1.2
1242 silly packumentCache full:https://registry.npmjs.org/clone cache-miss
1243 silly fetch manifest brotli@^1.3.2
1244 silly packumentCache full:https://registry.npmjs.org/brotli cache-miss
1245 silly fetch manifest deep-equal@^2.0.5
1246 silly packumentCache full:https://registry.npmjs.org/deep-equal cache-miss
1247 silly fetch manifest restructure@^2.0.1
1248 silly packumentCache full:https://registry.npmjs.org/restructure cache-miss
1249 silly fetch manifest @swc/helpers@^0.3.13
1250 silly packumentCache full:https://registry.npmjs.org/@swc%2fhelpers cache-miss
1251 silly fetch manifest tiny-inflate@^1.0.3
1252 silly packumentCache full:https://registry.npmjs.org/tiny-inflate cache-miss
1253 silly fetch manifest unicode-trie@^2.0.0
1254 silly packumentCache full:https://registry.npmjs.org/unicode-trie cache-miss
1255 silly fetch manifest unicode-properties@^1.3.1
1256 silly packumentCache full:https://registry.npmjs.org/unicode-properties cache-miss
1257 silly fetch manifest base64-js@0.0.8
1258 silly packumentCache full:https://registry.npmjs.org/base64-js cache-miss
1259 silly fetch manifest unicode-trie@^2.0.0
1260 silly packumentCache full:https://registry.npmjs.org/unicode-trie cache-miss
1261 silly fetch manifest browserify-zlib@^0.2.0
1262 silly packumentCache full:https://registry.npmjs.org/browserify-zlib cache-miss
1263 http cache https://registry.npmjs.org/base64-js 11ms (cache hit)
1264 silly packumentCache full:https://registry.npmjs.org/base64-js set size:41270 disposed:false
1265 http fetch GET 200 https://registry.npmjs.org/brotli 42ms (cache miss)
1266 silly packumentCache full:https://registry.npmjs.org/brotli set size:undefined disposed:false
1267 http fetch GET 200 https://registry.npmjs.org/tiny-inflate 46ms (cache miss)
1268 silly packumentCache full:https://registry.npmjs.org/tiny-inflate set size:undefined disposed:false
1269 http fetch GET 200 https://registry.npmjs.org/unicode-trie 50ms (cache miss)
1270 silly packumentCache full:https://registry.npmjs.org/unicode-trie set size:undefined disposed:false
1271 http fetch GET 200 https://registry.npmjs.org/unicode-properties 53ms (cache miss)
1272 silly packumentCache full:https://registry.npmjs.org/unicode-properties set size:undefined disposed:false
1273 http fetch GET 200 https://registry.npmjs.org/dfa 57ms (cache miss)
1274 silly packumentCache full:https://registry.npmjs.org/dfa set size:undefined disposed:false
1275 http fetch GET 200 https://registry.npmjs.org/unicode-trie 54ms (cache miss)
1276 silly packumentCache full:https://registry.npmjs.org/unicode-trie set size:undefined disposed:false
1277 http fetch GET 200 https://registry.npmjs.org/restructure 58ms (cache miss)
1278 silly packumentCache full:https://registry.npmjs.org/restructure set size:undefined disposed:false
1279 http fetch GET 200 https://registry.npmjs.org/clone 60ms (cache miss)
1280 silly packumentCache full:https://registry.npmjs.org/clone set size:undefined disposed:false
1281 http fetch GET 200 https://registry.npmjs.org/deep-equal 61ms (cache miss)
1282 silly packumentCache full:https://registry.npmjs.org/deep-equal set size:undefined disposed:false
1283 http fetch GET 200 https://registry.npmjs.org/@swc%2fhelpers 95ms (cache miss)
1284 silly packumentCache full:https://registry.npmjs.org/@swc%2fhelpers set size:undefined disposed:false
1285 http fetch GET 200 https://registry.npmjs.org/browserify-zlib 274ms (cache miss)
1286 silly packumentCache full:https://registry.npmjs.org/browserify-zlib set size:undefined disposed:false
1287 silly placeDep ROOT @swc/helpers@0.3.17 OK for: fontkit@1.9.0 want: ^0.3.13
1288 silly placeDep ROOT brotli@1.3.3 OK for: fontkit@1.9.0 want: ^1.3.2
1289 silly placeDep ROOT clone@2.1.2 OK for: fontkit@1.9.0 want: ^2.1.2
1290 silly placeDep ROOT deep-equal@2.2.3 OK for: fontkit@1.9.0 want: ^2.0.5
1291 silly placeDep ROOT dfa@1.2.0 OK for: fontkit@1.9.0 want: ^1.2.0
1292 silly placeDep ROOT restructure@2.0.1 OK for: fontkit@1.9.0 want: ^2.0.1
1293 silly placeDep ROOT tiny-inflate@1.0.3 OK for: fontkit@1.9.0 want: ^1.0.3
1294 silly placeDep ROOT unicode-properties@1.4.1 OK for: fontkit@1.9.0 want: ^1.3.1
1295 silly placeDep ROOT unicode-trie@2.0.0 OK for: fontkit@1.9.0 want: ^2.0.0
1296 silly fetch manifest tslib@^2.4.0
1297 silly packumentCache full:https://registry.npmjs.org/tslib cache-miss
1298 silly fetch manifest array-buffer-byte-length@^1.0.0
1299 silly packumentCache full:https://registry.npmjs.org/array-buffer-byte-length cache-miss
1300 silly fetch manifest call-bind@^1.0.5
1301 silly packumentCache full:https://registry.npmjs.org/call-bind cache-miss
1302 silly fetch manifest es-get-iterator@^1.1.3
1303 silly packumentCache full:https://registry.npmjs.org/es-get-iterator cache-miss
1304 silly fetch manifest is-arguments@^1.1.1
1305 silly packumentCache full:https://registry.npmjs.org/is-arguments cache-miss
1306 silly fetch manifest is-array-buffer@^3.0.2
1307 silly packumentCache full:https://registry.npmjs.org/is-array-buffer cache-miss
1308 silly fetch manifest is-date-object@^1.0.5
1309 silly packumentCache full:https://registry.npmjs.org/is-date-object cache-miss
1310 silly fetch manifest is-regex@^1.1.4
1311 silly packumentCache full:https://registry.npmjs.org/is-regex cache-miss
1312 silly fetch manifest is-shared-array-buffer@^1.0.2
1313 silly packumentCache full:https://registry.npmjs.org/is-shared-array-buffer cache-miss
1314 silly fetch manifest isarray@^2.0.5
1315 silly packumentCache full:https://registry.npmjs.org/isarray cache-miss
1316 silly fetch manifest object-is@^1.1.5
1317 silly packumentCache full:https://registry.npmjs.org/object-is cache-miss
1318 silly fetch manifest object-keys@^1.1.1
1319 silly packumentCache full:https://registry.npmjs.org/object-keys cache-miss
1320 silly fetch manifest object.assign@^4.1.4
1321 silly packumentCache full:https://registry.npmjs.org/object.assign cache-miss
1322 silly fetch manifest regexp.prototype.flags@^1.5.1
1323 silly packumentCache full:https://registry.npmjs.org/regexp.prototype.flags cache-miss
1324 silly fetch manifest side-channel@^1.0.4
1325 silly packumentCache full:https://registry.npmjs.org/side-channel cache-miss
1326 http cache https://registry.npmjs.org/isarray 13ms (cache hit)
1327 silly packumentCache full:https://registry.npmjs.org/isarray set size:17392 disposed:false
1328 silly fetch manifest which-boxed-primitive@^1.0.2
1329 silly packumentCache full:https://registry.npmjs.org/which-boxed-primitive cache-miss
1330 http cache https://registry.npmjs.org/side-channel 13ms (cache hit)
1331 silly packumentCache full:https://registry.npmjs.org/side-channel set size:27650 disposed:false
1332 silly fetch manifest which-collection@^1.0.1
1333 silly packumentCache full:https://registry.npmjs.org/which-collection cache-miss
1334 http fetch GET 200 https://registry.npmjs.org/array-buffer-byte-length 47ms (cache miss)
1335 silly packumentCache full:https://registry.npmjs.org/array-buffer-byte-length set size:undefined disposed:false
1336 silly fetch manifest which-typed-array@^1.1.13
1337 silly packumentCache full:https://registry.npmjs.org/which-typed-array cache-miss
1338 http fetch GET 200 https://registry.npmjs.org/call-bind 52ms (cache miss)
1339 silly packumentCache full:https://registry.npmjs.org/call-bind set size:undefined disposed:false
1340 silly fetch manifest pako@^0.2.5
1341 silly packumentCache full:https://registry.npmjs.org/pako cache-miss
1342 http fetch GET 200 https://registry.npmjs.org/is-arguments 62ms (cache miss)
1343 silly packumentCache full:https://registry.npmjs.org/is-arguments set size:undefined disposed:false
1344 http fetch GET 200 https://registry.npmjs.org/is-array-buffer 65ms (cache miss)
1345 silly packumentCache full:https://registry.npmjs.org/is-array-buffer set size:undefined disposed:false
1346 http fetch GET 200 https://registry.npmjs.org/is-date-object 66ms (cache miss)
1347 silly packumentCache full:https://registry.npmjs.org/is-date-object set size:undefined disposed:false
1348 http fetch GET 200 https://registry.npmjs.org/is-regex 67ms (cache miss)
1349 silly packumentCache full:https://registry.npmjs.org/is-regex set size:undefined disposed:false
1350 http fetch GET 200 https://registry.npmjs.org/is-shared-array-buffer 69ms (cache miss)
1351 silly packumentCache full:https://registry.npmjs.org/is-shared-array-buffer set size:undefined disposed:false
1352 http fetch GET 200 https://registry.npmjs.org/object-is 70ms (cache miss)
1353 silly packumentCache full:https://registry.npmjs.org/object-is set size:undefined disposed:false
1354 http fetch GET 200 https://registry.npmjs.org/object-keys 71ms (cache miss)
1355 silly packumentCache full:https://registry.npmjs.org/object-keys set size:undefined disposed:false
1356 http fetch GET 200 https://registry.npmjs.org/tslib 77ms (cache miss)
1357 silly packumentCache full:https://registry.npmjs.org/tslib set size:undefined disposed:false
1358 http fetch GET 200 https://registry.npmjs.org/object.assign 73ms (cache miss)
1359 silly packumentCache full:https://registry.npmjs.org/object.assign set size:undefined disposed:false
1360 http fetch GET 200 https://registry.npmjs.org/which-boxed-primitive 62ms (cache miss)
1361 silly packumentCache full:https://registry.npmjs.org/which-boxed-primitive set size:undefined disposed:false
1362 http fetch GET 200 https://registry.npmjs.org/which-collection 62ms (cache miss)
1363 silly packumentCache full:https://registry.npmjs.org/which-collection set size:undefined disposed:false
1364 http fetch GET 200 https://registry.npmjs.org/regexp.prototype.flags 78ms (cache miss)
1365 silly packumentCache full:https://registry.npmjs.org/regexp.prototype.flags set size:undefined disposed:false
1366 http fetch GET 200 https://registry.npmjs.org/which-typed-array 48ms (cache miss)
1367 silly packumentCache full:https://registry.npmjs.org/which-typed-array set size:undefined disposed:false
1368 http fetch GET 200 https://registry.npmjs.org/pako 46ms (cache miss)
1369 silly packumentCache full:https://registry.npmjs.org/pako set size:undefined disposed:false
1370 http fetch GET 200 https://registry.npmjs.org/es-get-iterator 280ms (cache miss)
1371 silly packumentCache full:https://registry.npmjs.org/es-get-iterator set size:undefined disposed:false
1372 silly placeDep ROOT tslib@2.8.1 OK for: @swc/helpers@0.3.17 want: ^2.4.0
1373 silly placeDep ROOT array-buffer-byte-length@1.0.2 OK for: deep-equal@2.2.3 want: ^1.0.0
1374 silly placeDep ROOT call-bind@1.0.9 OK for: deep-equal@2.2.3 want: ^1.0.5
1375 silly placeDep ROOT es-get-iterator@1.1.3 OK for: deep-equal@2.2.3 want: ^1.1.3
1376 silly placeDep ROOT is-arguments@1.2.0 OK for: deep-equal@2.2.3 want: ^1.1.1
1377 silly placeDep ROOT is-array-buffer@3.0.5 OK for: deep-equal@2.2.3 want: ^3.0.2
1378 silly placeDep ROOT is-date-object@1.1.0 OK for: deep-equal@2.2.3 want: ^1.0.5
1379 silly placeDep ROOT is-regex@1.2.1 OK for: deep-equal@2.2.3 want: ^1.1.4
1380 silly placeDep ROOT is-shared-array-buffer@1.0.4 OK for: deep-equal@2.2.3 want: ^1.0.2
1381 silly placeDep ROOT isarray@2.0.5 OK for: deep-equal@2.2.3 want: ^2.0.5
1382 silly placeDep ROOT object-is@1.1.6 OK for: deep-equal@2.2.3 want: ^1.1.5
1383 silly placeDep ROOT object-keys@1.1.1 OK for: deep-equal@2.2.3 want: ^1.1.1
1384 silly placeDep ROOT object.assign@4.1.7 OK for: deep-equal@2.2.3 want: ^4.1.4
1385 silly placeDep ROOT regexp.prototype.flags@1.5.4 OK for: deep-equal@2.2.3 want: ^1.5.1
1386 silly placeDep ROOT side-channel@1.1.1 OK for: deep-equal@2.2.3 want: ^1.0.4
1387 silly placeDep ROOT which-boxed-primitive@1.1.1 OK for: deep-equal@2.2.3 want: ^1.0.2
1388 silly placeDep ROOT which-collection@1.0.2 OK for: deep-equal@2.2.3 want: ^1.0.1
1389 silly placeDep ROOT which-typed-array@1.1.22 OK for: deep-equal@2.2.3 want: ^1.1.13
1390 silly fetch manifest call-bound@^1.0.3
1391 silly packumentCache full:https://registry.npmjs.org/call-bound cache-miss
1392 silly fetch manifest is-array-buffer@^3.0.5
1393 silly packumentCache full:https://registry.npmjs.org/is-array-buffer cache-miss
1394 silly fetch manifest set-function-length@^1.2.2
1395 silly packumentCache full:https://registry.npmjs.org/set-function-length cache-miss
1396 silly fetch manifest is-map@^2.0.2
1397 silly packumentCache full:https://registry.npmjs.org/is-map cache-miss
1398 silly fetch manifest is-set@^2.0.2
1399 silly packumentCache full:https://registry.npmjs.org/is-set cache-miss
1400 silly fetch manifest is-string@^1.0.7
1401 silly packumentCache full:https://registry.npmjs.org/is-string cache-miss
1402 silly fetch manifest stop-iteration-iterator@^1.0.0
1403 silly packumentCache full:https://registry.npmjs.org/stop-iteration-iterator cache-miss
1404 silly fetch manifest call-bound@^1.0.2
1405 silly packumentCache full:https://registry.npmjs.org/call-bound cache-miss
1406 silly fetch manifest call-bound@^1.0.3
1407 silly packumentCache full:https://registry.npmjs.org/call-bound cache-miss
1408 silly fetch manifest call-bound@^1.0.2
1409 silly packumentCache full:https://registry.npmjs.org/call-bound cache-miss
1410 silly fetch manifest call-bound@^1.0.2
1411 silly packumentCache full:https://registry.npmjs.org/call-bound cache-miss
1412 silly fetch manifest call-bound@^1.0.3
1413 silly packumentCache full:https://registry.npmjs.org/call-bound cache-miss
1414 silly fetch manifest define-properties@^1.2.1
1415 silly packumentCache full:https://registry.npmjs.org/define-properties cache-miss
1416 silly fetch manifest call-bound@^1.0.3
1417 silly packumentCache full:https://registry.npmjs.org/call-bound cache-miss
1418 silly fetch manifest define-properties@^1.2.1
1419 silly packumentCache full:https://registry.npmjs.org/define-properties cache-miss
1420 http cache https://registry.npmjs.org/is-array-buffer 19ms (cache hit)
1421 silly packumentCache full:https://registry.npmjs.org/is-array-buffer set size:33562 disposed:false
1422 silly fetch manifest define-properties@^1.2.1
1423 silly packumentCache full:https://registry.npmjs.org/define-properties cache-miss
1424 http fetch GET 200 https://registry.npmjs.org/is-map 61ms (cache miss)
1425 silly packumentCache full:https://registry.npmjs.org/is-map set size:undefined disposed:false
1426 silly fetch manifest set-function-name@^2.0.2
1427 silly packumentCache full:https://registry.npmjs.org/set-function-name cache-miss
1428 http fetch GET 200 https://registry.npmjs.org/is-string 62ms (cache miss)
1429 silly packumentCache full:https://registry.npmjs.org/is-string set size:undefined disposed:false
1430 silly fetch manifest object-inspect@^1.13.4
1431 silly packumentCache full:https://registry.npmjs.org/object-inspect cache-miss
1432 http fetch GET 200 https://registry.npmjs.org/call-bound 66ms (cache miss)
1433 silly packumentCache full:https://registry.npmjs.org/call-bound set size:undefined disposed:false
1434 silly fetch manifest side-channel-list@^1.0.1
1435 silly packumentCache full:https://registry.npmjs.org/side-channel-list cache-miss
1436 http fetch GET 200 https://registry.npmjs.org/set-function-length 71ms (cache miss)
1437 silly packumentCache full:https://registry.npmjs.org/set-function-length set size:undefined disposed:false
1438 silly fetch manifest side-channel-map@^1.0.1
1439 silly packumentCache full:https://registry.npmjs.org/side-channel-map cache-miss
1440 http fetch GET 200 https://registry.npmjs.org/is-set 71ms (cache miss)
1441 silly packumentCache full:https://registry.npmjs.org/is-set set size:undefined disposed:false
1442 silly fetch manifest side-channel-weakmap@^1.0.2
1443 silly packumentCache full:https://registry.npmjs.org/side-channel-weakmap cache-miss
1444 http fetch GET 200 https://registry.npmjs.org/call-bound 68ms (cache miss)
1445 silly packumentCache full:https://registry.npmjs.org/call-bound set size:undefined disposed:false
1446 silly fetch manifest is-bigint@^1.1.0
1447 silly packumentCache full:https://registry.npmjs.org/is-bigint cache-miss
1448 http fetch GET 200 https://registry.npmjs.org/call-bound 76ms (cache miss)
1449 silly packumentCache full:https://registry.npmjs.org/call-bound set size:undefined disposed:false
1450 silly fetch manifest is-boolean-object@^1.2.1
1451 silly packumentCache full:https://registry.npmjs.org/is-boolean-object cache-miss
1452 http fetch GET 200 https://registry.npmjs.org/call-bound 76ms (cache miss)
1453 silly packumentCache full:https://registry.npmjs.org/call-bound set size:undefined disposed:false
1454 silly fetch manifest is-number-object@^1.1.1
1455 silly packumentCache full:https://registry.npmjs.org/is-number-object cache-miss
1456 http fetch GET 200 https://registry.npmjs.org/call-bound 78ms (cache miss)
1457 silly packumentCache full:https://registry.npmjs.org/call-bound set size:undefined disposed:false
1458 silly fetch manifest is-string@^1.1.1
1459 silly packumentCache full:https://registry.npmjs.org/is-string cache-miss
1460 http fetch GET 200 https://registry.npmjs.org/call-bound 80ms (cache miss)
1461 silly packumentCache full:https://registry.npmjs.org/call-bound set size:undefined disposed:false
1462 silly fetch manifest is-symbol@^1.1.1
1463 silly packumentCache full:https://registry.npmjs.org/is-symbol cache-miss
1464 http fetch GET 200 https://registry.npmjs.org/call-bound 82ms (cache miss)
1465 silly packumentCache full:https://registry.npmjs.org/call-bound set size:undefined disposed:false
1466 silly fetch manifest is-map@^2.0.3
1467 silly packumentCache full:https://registry.npmjs.org/is-map cache-miss
1468 http fetch GET 200 https://registry.npmjs.org/define-properties 80ms (cache miss)
1469 silly packumentCache full:https://registry.npmjs.org/define-properties set size:undefined disposed:false
1470 silly fetch manifest is-set@^2.0.3
1471 silly packumentCache full:https://registry.npmjs.org/is-set cache-miss
1472 http fetch GET 200 https://registry.npmjs.org/stop-iteration-iterator 88ms (cache miss)
1473 silly packumentCache full:https://registry.npmjs.org/stop-iteration-iterator set size:undefined disposed:false
1474 silly fetch manifest is-weakmap@^2.0.2
1475 silly packumentCache full:https://registry.npmjs.org/is-weakmap cache-miss
1476 http fetch GET 200 https://registry.npmjs.org/define-properties 71ms (cache miss)
1477 silly packumentCache full:https://registry.npmjs.org/define-properties set size:undefined disposed:false
1478 silly fetch manifest is-weakset@^2.0.3
1479 silly packumentCache full:https://registry.npmjs.org/is-weakset cache-miss
1480 http fetch GET 200 https://registry.npmjs.org/define-properties 88ms (cache miss)
1481 silly packumentCache full:https://registry.npmjs.org/define-properties set size:undefined disposed:false
1482 silly fetch manifest for-each@^0.3.5
1483 silly packumentCache full:https://registry.npmjs.org/for-each cache-miss
1484 http cache https://registry.npmjs.org/is-string 23ms (cache hit)
1485 silly packumentCache full:https://registry.npmjs.org/is-string set size:29636 disposed:false
1486 silly fetch manifest call-bound@^1.0.4
1487 silly packumentCache full:https://registry.npmjs.org/call-bound cache-miss
1488 http cache https://registry.npmjs.org/is-map 21ms (cache hit)
1489 silly packumentCache full:https://registry.npmjs.org/is-map set size:18079 disposed:false
1490 silly fetch manifest available-typed-arrays@^1.0.7
1491 silly packumentCache full:https://registry.npmjs.org/available-typed-arrays cache-miss
1492 http cache https://registry.npmjs.org/is-set 20ms (cache hit)
1493 silly packumentCache full:https://registry.npmjs.org/is-set set size:16614 disposed:false
1494 http fetch GET 200 https://registry.npmjs.org/set-function-name 52ms (cache miss)
1495 silly packumentCache full:https://registry.npmjs.org/set-function-name set size:undefined disposed:false
1496 http fetch GET 200 https://registry.npmjs.org/side-channel-list 51ms (cache miss)
1497 silly packumentCache full:https://registry.npmjs.org/side-channel-list set size:undefined disposed:false
1498 http cache https://registry.npmjs.org/call-bound 13ms (cache hit)
1499 silly packumentCache full:https://registry.npmjs.org/call-bound set size:15317 disposed:false
1500 http fetch GET 200 https://registry.npmjs.org/side-channel-weakmap 49ms (cache miss)
1501 silly packumentCache full:https://registry.npmjs.org/side-channel-weakmap set size:undefined disposed:false
1502 http fetch GET 200 https://registry.npmjs.org/side-channel-map 51ms (cache miss)
1503 silly packumentCache full:https://registry.npmjs.org/side-channel-map set size:undefined disposed:false
1504 http fetch GET 200 https://registry.npmjs.org/object-inspect 59ms (cache miss)
1505 silly packumentCache full:https://registry.npmjs.org/object-inspect set size:undefined disposed:false
1506 http fetch GET 200 https://registry.npmjs.org/is-bigint 52ms (cache miss)
1507 silly packumentCache full:https://registry.npmjs.org/is-bigint set size:undefined disposed:false
1508 http fetch GET 200 https://registry.npmjs.org/is-number-object 50ms (cache miss)
1509 silly packumentCache full:https://registry.npmjs.org/is-number-object set size:undefined disposed:false
1510 http fetch GET 200 https://registry.npmjs.org/is-weakmap 41ms (cache miss)
1511 silly packumentCache full:https://registry.npmjs.org/is-weakmap set size:undefined disposed:false
1512 http fetch GET 200 https://registry.npmjs.org/is-boolean-object 54ms (cache miss)
1513 silly packumentCache full:https://registry.npmjs.org/is-boolean-object set size:undefined disposed:false
1514 http fetch GET 200 https://registry.npmjs.org/is-symbol 50ms (cache miss)
1515 silly packumentCache full:https://registry.npmjs.org/is-symbol set size:undefined disposed:false
1516 http fetch GET 200 https://registry.npmjs.org/is-weakset 45ms (cache miss)
1517 silly packumentCache full:https://registry.npmjs.org/is-weakset set size:undefined disposed:false
1518 http fetch GET 200 https://registry.npmjs.org/for-each 44ms (cache miss)
1519 silly packumentCache full:https://registry.npmjs.org/for-each set size:undefined disposed:false
1520 http fetch GET 200 https://registry.npmjs.org/available-typed-arrays 49ms (cache miss)
1521 silly packumentCache full:https://registry.npmjs.org/available-typed-arrays set size:undefined disposed:false
1522 silly placeDep ROOT call-bound@1.0.4 OK for: array-buffer-byte-length@1.0.2 want: ^1.0.3
1523 silly placeDep ROOT set-function-length@1.2.2 OK for: call-bind@1.0.9 want: ^1.2.2
1524 silly fetch manifest define-data-property@^1.1.4
1525 silly packumentCache full:https://registry.npmjs.org/define-data-property cache-miss
1526 silly fetch manifest has-property-descriptors@^1.0.2
1527 silly packumentCache full:https://registry.npmjs.org/has-property-descriptors cache-miss
1528 http fetch GET 200 https://registry.npmjs.org/define-data-property 44ms (cache miss)
1529 silly packumentCache full:https://registry.npmjs.org/define-data-property set size:undefined disposed:false
1530 http fetch GET 200 https://registry.npmjs.org/has-property-descriptors 44ms (cache miss)
1531 silly packumentCache full:https://registry.npmjs.org/has-property-descriptors set size:undefined disposed:false
1532 silly placeDep ROOT is-map@2.0.3 OK for: es-get-iterator@1.1.3 want: ^2.0.2
1533 silly placeDep ROOT is-set@2.0.3 OK for: es-get-iterator@1.1.3 want: ^2.0.2
1534 silly placeDep ROOT is-string@1.1.1 OK for: es-get-iterator@1.1.3 want: ^1.0.7
1535 silly placeDep ROOT stop-iteration-iterator@1.1.0 OK for: es-get-iterator@1.1.3 want: ^1.0.0
1536 silly fetch manifest internal-slot@^1.1.0
1537 silly packumentCache full:https://registry.npmjs.org/internal-slot cache-miss
1538 http fetch GET 200 https://registry.npmjs.org/internal-slot 36ms (cache miss)
1539 silly packumentCache full:https://registry.npmjs.org/internal-slot set size:undefined disposed:false
1540 silly placeDep node_modules/linebreak base64-js@0.0.8 OK for: linebreak@1.1.0 want: 0.0.8
1541 silly placeDep ROOT define-properties@1.2.1 OK for: object-is@1.1.6 want: ^1.2.1
1542 silly fetch manifest define-data-property@^1.0.1
1543 silly packumentCache full:https://registry.npmjs.org/define-data-property cache-miss
1544 silly fetch manifest has-property-descriptors@^1.0.0
1545 silly packumentCache full:https://registry.npmjs.org/has-property-descriptors cache-miss
1546 http cache https://registry.npmjs.org/define-data-property 3ms (cache hit)
1547 silly packumentCache full:https://registry.npmjs.org/define-data-property set size:28048 disposed:false
1548 http cache https://registry.npmjs.org/has-property-descriptors 4ms (cache hit)
1549 silly packumentCache full:https://registry.npmjs.org/has-property-descriptors set size:12452 disposed:false
1550 silly placeDep ROOT define-data-property@1.1.4 OK for: define-properties@1.2.1 want: ^1.0.1
1551 silly placeDep ROOT has-property-descriptors@1.0.2 OK for: define-properties@1.2.1 want: ^1.0.0
1552 silly placeDep ROOT browserify-zlib@0.2.0 OK for: png-js@1.1.0 want: ^0.2.0
1553 silly fetch manifest pako@~1.0.5
1554 silly packumentCache full:https://registry.npmjs.org/pako cache-miss
1555 http cache https://registry.npmjs.org/pako 3ms (cache hit)
1556 silly packumentCache full:https://registry.npmjs.org/pako set size:82149 disposed:false
1557 silly placeDep ROOT pako@1.0.11 OK for: browserify-zlib@0.2.0 want: ~1.0.5
1558 silly placeDep ROOT forwarded@0.2.0 OK for: proxy-addr@2.0.7 want: 0.2.0
1559 silly placeDep ROOT ipaddr.js@1.9.1 OK for: proxy-addr@2.0.7 want: 1.9.1
1560 silly placeDep ROOT core-util-is@1.0.3 OK for: readable-stream@2.3.8 want: ~1.0.0
1561 silly placeDep node_modules/readable-stream isarray@1.0.0 OK for: readable-stream@2.3.8 want: ~1.0.0
1562 silly placeDep ROOT process-nextick-args@2.0.1 OK for: readable-stream@2.3.8 want: ~2.0.0
1563 silly placeDep node_modules/readable-stream safe-buffer@5.1.2 OK for: readable-stream@2.3.8 want: ~5.1.1
1564 silly placeDep ROOT string_decoder@1.1.1 OK for: readable-stream@2.3.8 want: ~1.1.1
1565 silly placeDep ROOT util-deprecate@1.0.2 OK for: readable-stream@2.3.8 want: ~1.0.1
1566 silly fetch manifest safe-buffer@~5.1.0
1567 silly packumentCache full:https://registry.npmjs.org/safe-buffer cache-hit
1568 silly placeDep ROOT set-function-name@2.0.2 OK for: regexp.prototype.flags@1.5.4 want: ^2.0.2
1569 silly fetch manifest functions-have-names@^1.2.3
1570 silly packumentCache full:https://registry.npmjs.org/functions-have-names cache-miss
1571 http fetch GET 200 https://registry.npmjs.org/functions-have-names 37ms (cache miss)
1572 silly packumentCache full:https://registry.npmjs.org/functions-have-names set size:undefined disposed:false
1573 silly placeDep ROOT mime@1.6.0 OK for: send@0.19.2 want: 1.6.0
1574 silly placeDep node_modules/send ms@2.1.3 OK for: send@0.19.2 want: 2.1.3
1575 silly placeDep ROOT functions-have-names@1.2.3 OK for: set-function-name@2.0.2 want: ^1.2.3
1576 silly placeDep ROOT @img/sharp-darwin-arm64@0.33.5 OK for: sharp@0.33.5 want: 0.33.5
1577 silly placeDep ROOT @img/sharp-darwin-x64@0.33.5 OK for: sharp@0.33.5 want: 0.33.5
1578 silly placeDep ROOT @img/sharp-libvips-darwin-arm64@1.0.4 OK for: sharp@0.33.5 want: 1.0.4
1579 silly placeDep ROOT @img/sharp-libvips-darwin-x64@1.0.4 OK for: sharp@0.33.5 want: 1.0.4
1580 silly placeDep ROOT @img/sharp-libvips-linux-arm@1.0.5 OK for: sharp@0.33.5 want: 1.0.5
1581 silly placeDep ROOT @img/sharp-libvips-linux-arm64@1.0.4 OK for: sharp@0.33.5 want: 1.0.4
1582 silly placeDep ROOT @img/sharp-libvips-linux-s390x@1.0.4 OK for: sharp@0.33.5 want: 1.0.4
1583 silly placeDep ROOT @img/sharp-libvips-linux-x64@1.0.4 OK for: sharp@0.33.5 want: 1.0.4
1584 silly placeDep ROOT @img/sharp-libvips-linuxmusl-arm64@1.0.4 OK for: sharp@0.33.5 want: 1.0.4
1585 silly placeDep ROOT @img/sharp-libvips-linuxmusl-x64@1.0.4 OK for: sharp@0.33.5 want: 1.0.4
1586 silly placeDep ROOT @img/sharp-linux-arm@0.33.5 OK for: sharp@0.33.5 want: 0.33.5
1587 silly placeDep ROOT @img/sharp-linux-arm64@0.33.5 OK for: sharp@0.33.5 want: 0.33.5
1588 silly placeDep ROOT @img/sharp-linux-s390x@0.33.5 OK for: sharp@0.33.5 want: 0.33.5
1589 silly placeDep ROOT @img/sharp-linux-x64@0.33.5 OK for: sharp@0.33.5 want: 0.33.5
1590 silly placeDep ROOT @img/sharp-linuxmusl-arm64@0.33.5 OK for: sharp@0.33.5 want: 0.33.5
1591 silly placeDep ROOT @img/sharp-linuxmusl-x64@0.33.5 OK for: sharp@0.33.5 want: 0.33.5
1592 silly placeDep ROOT @img/sharp-wasm32@0.33.5 OK for: sharp@0.33.5 want: 0.33.5
1593 silly placeDep ROOT @img/sharp-win32-ia32@0.33.5 OK for: sharp@0.33.5 want: 0.33.5
1594 silly placeDep ROOT @img/sharp-win32-x64@0.33.5 OK for: sharp@0.33.5 want: 0.33.5
1595 silly placeDep ROOT color@4.2.3 OK for: sharp@0.33.5 want: ^4.2.3
1596 silly placeDep ROOT detect-libc@2.1.2 OK for: sharp@0.33.5 want: ^2.0.3
1597 silly fetch manifest @emnapi/runtime@^1.2.0
1598 silly packumentCache full:https://registry.npmjs.org/@emnapi%2fruntime cache-miss
1599 silly fetch manifest color-string@^1.9.0
1600 silly packumentCache full:https://registry.npmjs.org/color-string cache-miss
1601 silly fetch manifest color-convert@^2.0.1
1602 silly packumentCache full:https://registry.npmjs.org/color-convert cache-miss
1603 http fetch GET 200 https://registry.npmjs.org/color-convert 44ms (cache miss)
1604 silly packumentCache full:https://registry.npmjs.org/color-convert set size:undefined disposed:false
1605 http fetch GET 200 https://registry.npmjs.org/color-string 48ms (cache miss)
1606 silly packumentCache full:https://registry.npmjs.org/color-string set size:undefined disposed:false
1607 http fetch GET 200 https://registry.npmjs.org/@emnapi%2fruntime 52ms (cache miss)
1608 silly packumentCache full:https://registry.npmjs.org/@emnapi%2fruntime set size:undefined disposed:false
1609 silly placeDep ROOT @emnapi/runtime@1.11.3 OK for: @img/sharp-wasm32@0.33.5 want: ^1.2.0
1610 silly placeDep ROOT color-convert@2.0.1 OK for: color@4.2.3 want: ^2.0.1
1611 silly placeDep ROOT color-string@1.9.1 OK for: color@4.2.3 want: ^1.9.0
1612 silly fetch manifest color-name@~1.1.4
1613 silly packumentCache full:https://registry.npmjs.org/color-name cache-miss
1614 silly fetch manifest color-name@^1.0.0
1615 silly packumentCache full:https://registry.npmjs.org/color-name cache-miss
1616 silly fetch manifest simple-swizzle@^0.2.2
1617 silly packumentCache full:https://registry.npmjs.org/simple-swizzle cache-miss
1618 http fetch GET 200 https://registry.npmjs.org/color-name 38ms (cache miss)
1619 silly packumentCache full:https://registry.npmjs.org/color-name set size:undefined disposed:false
1620 http fetch GET 200 https://registry.npmjs.org/color-name 40ms (cache miss)
1621 silly packumentCache full:https://registry.npmjs.org/color-name set size:undefined disposed:false
1622 http fetch GET 200 https://registry.npmjs.org/simple-swizzle 44ms (cache miss)
1623 silly packumentCache full:https://registry.npmjs.org/simple-swizzle set size:undefined disposed:false
1624 silly placeDep ROOT color-name@1.1.4 OK for: color-convert@2.0.1 want: ~1.1.4
1625 silly placeDep ROOT simple-swizzle@0.2.4 OK for: color-string@1.9.1 want: ^0.2.2
1626 silly fetch manifest is-arrayish@^0.3.1
1627 silly packumentCache full:https://registry.npmjs.org/is-arrayish cache-miss
1628 http fetch GET 200 https://registry.npmjs.org/is-arrayish 45ms (cache miss)
1629 silly packumentCache full:https://registry.npmjs.org/is-arrayish set size:undefined disposed:false
1630 silly placeDep ROOT object-inspect@1.13.4 OK for: side-channel@1.1.1 want: ^1.13.4
1631 silly placeDep ROOT side-channel-list@1.0.1 OK for: side-channel@1.1.1 want: ^1.0.1
1632 silly placeDep ROOT side-channel-map@1.0.1 OK for: side-channel@1.1.1 want: ^1.0.1
1633 silly placeDep ROOT side-channel-weakmap@1.0.2 OK for: side-channel@1.1.1 want: ^1.0.2
1634 silly placeDep ROOT is-arrayish@0.3.4 OK for: simple-swizzle@0.2.4 want: ^0.3.1
1635 silly placeDep ROOT internal-slot@1.1.0 OK for: stop-iteration-iterator@1.1.0 want: ^1.1.0
1636 silly placeDep node_modules/string_decoder safe-buffer@5.1.2 OK for: string_decoder@1.1.1 want: ~5.1.0
1637 silly placeDep ROOT @tokenizer/token@0.3.0 OK for: strtok3@9.1.1 want: ^0.3.0
1638 silly placeDep ROOT peek-readable@5.4.2 OK for: strtok3@9.1.1 want: ^5.3.1
1639 silly placeDep ROOT has-flag@3.0.0 OK for: supports-color@5.5.0 want: ^3.0.0
1640 silly placeDep ROOT is-number@7.0.0 OK for: to-regex-range@5.0.1 want: ^7.0.0
1641 silly placeDep ROOT @borewit/text-codec@0.2.2 OK for: token-types@6.1.2 want: ^0.2.1
1642 silly placeDep ROOT ieee754@1.2.1 OK for: token-types@6.1.2 want: ^1.2.1
1643 silly placeDep ROOT media-typer@0.3.0 OK for: type-is@1.6.18 want: 0.3.0
1644 silly placeDep node_modules/unicode-trie pako@0.2.9 OK for: unicode-trie@2.0.0 want: ^0.2.5
1645 silly placeDep ROOT tr46@0.0.3 OK for: whatwg-url@5.0.0 want: ~0.0.3
1646 silly placeDep ROOT webidl-conversions@3.0.1 OK for: whatwg-url@5.0.0 want: ^3.0.0
1647 silly placeDep ROOT is-bigint@1.1.0 OK for: which-boxed-primitive@1.1.1 want: ^1.1.0
1648 silly placeDep ROOT is-boolean-object@1.2.2 OK for: which-boxed-primitive@1.1.1 want: ^1.2.1
1649 silly placeDep ROOT is-number-object@1.1.1 OK for: which-boxed-primitive@1.1.1 want: ^1.1.1
1650 silly placeDep ROOT is-symbol@1.1.1 OK for: which-boxed-primitive@1.1.1 want: ^1.1.1
1651 silly fetch manifest has-bigints@^1.0.2
1652 silly packumentCache full:https://registry.npmjs.org/has-bigints cache-miss
1653 silly fetch manifest safe-regex-test@^1.1.0
1654 silly packumentCache full:https://registry.npmjs.org/safe-regex-test cache-miss
1655 http fetch GET 200 https://registry.npmjs.org/has-bigints 35ms (cache miss)
1656 silly packumentCache full:https://registry.npmjs.org/has-bigints set size:undefined disposed:false
1657 http fetch GET 200 https://registry.npmjs.org/safe-regex-test 40ms (cache miss)
1658 silly packumentCache full:https://registry.npmjs.org/safe-regex-test set size:undefined disposed:false
1659 silly placeDep ROOT has-bigints@1.1.0 OK for: is-bigint@1.1.0 want: ^1.0.2
1660 silly placeDep ROOT safe-regex-test@1.1.0 OK for: is-symbol@1.1.1 want: ^1.1.0
1661 silly placeDep ROOT is-weakmap@2.0.2 OK for: which-collection@1.0.2 want: ^2.0.2
1662 silly placeDep ROOT is-weakset@2.0.4 OK for: which-collection@1.0.2 want: ^2.0.3
1663 silly placeDep ROOT available-typed-arrays@1.0.7 OK for: which-typed-array@1.1.22 want: ^1.0.7
1664 silly placeDep ROOT for-each@0.3.5 OK for: which-typed-array@1.1.22 want: ^0.3.5
1665 silly fetch manifest possible-typed-array-names@^1.0.0
1666 silly packumentCache full:https://registry.npmjs.org/possible-typed-array-names cache-miss
1667 silly fetch manifest is-callable@^1.2.7
1668 silly packumentCache full:https://registry.npmjs.org/is-callable cache-miss
1669 http fetch GET 200 https://registry.npmjs.org/possible-typed-array-names 52ms (cache miss)
1670 silly packumentCache full:https://registry.npmjs.org/possible-typed-array-names set size:undefined disposed:false
1671 http fetch GET 200 https://registry.npmjs.org/is-callable 53ms (cache miss)
1672 silly packumentCache full:https://registry.npmjs.org/is-callable set size:undefined disposed:false
1673 silly placeDep ROOT possible-typed-array-names@1.1.0 OK for: available-typed-arrays@1.0.7 want: ^1.0.0
1674 silly placeDep ROOT is-callable@1.2.7 OK for: for-each@0.3.5 want: ^1.2.7
1675 silly placeDep ROOT @colors/colors@1.6.0 OK for: winston@3.19.0 want: ^1.6.0
1676 silly placeDep ROOT @dabh/diagnostics@2.0.8 OK for: winston@3.19.0 want: ^2.0.8
1677 silly placeDep ROOT async@3.2.6 OK for: winston@3.19.0 want: ^3.2.3
1678 silly placeDep node_modules/winston is-stream@2.0.1 OK for: winston@3.19.0 want: ^2.0.0
1679 silly placeDep ROOT logform@2.7.0 OK for: winston@3.19.0 want: ^2.7.0
1680 silly placeDep ROOT one-time@1.0.0 OK for: winston@3.19.0 want: ^1.0.0
1681 silly placeDep node_modules/winston readable-stream@3.6.2 OK for: winston@3.19.0 want: ^3.4.0
1682 silly placeDep ROOT safe-stable-stringify@2.5.0 OK for: winston@3.19.0 want: ^2.3.1
1683 silly placeDep ROOT stack-trace@0.0.10 OK for: winston@3.19.0 want: 0.0.x
1684 silly placeDep ROOT triple-beam@1.4.1 OK for: winston@3.19.0 want: ^1.3.0
1685 silly placeDep ROOT winston-transport@4.9.0 OK for: winston@3.19.0 want: ^4.9.0
1686 silly fetch manifest @so-ric/colorspace@^1.1.6
1687 silly packumentCache full:https://registry.npmjs.org/@so-ric%2fcolorspace cache-miss
1688 silly fetch manifest enabled@2.0.x
1689 silly packumentCache full:https://registry.npmjs.org/enabled cache-miss
1690 silly fetch manifest kuler@^2.0.0
1691 silly packumentCache full:https://registry.npmjs.org/kuler cache-miss
1692 silly fetch manifest @types/triple-beam@^1.3.2
1693 silly packumentCache full:https://registry.npmjs.org/@types%2ftriple-beam cache-miss
1694 silly fetch manifest fecha@^4.2.0
1695 silly packumentCache full:https://registry.npmjs.org/fecha cache-miss
1696 silly fetch manifest fn.name@1.x.x
1697 silly packumentCache full:https://registry.npmjs.org/fn.name cache-miss
1698 silly fetch manifest readable-stream@^3.6.2
1699 silly packumentCache full:https://registry.npmjs.org/readable-stream cache-hit
1700 http fetch GET 200 https://registry.npmjs.org/kuler 46ms (cache miss)
1701 silly packumentCache full:https://registry.npmjs.org/kuler set size:undefined disposed:false
1702 http fetch GET 200 https://registry.npmjs.org/fecha 46ms (cache miss)
1703 silly packumentCache full:https://registry.npmjs.org/fecha set size:undefined disposed:false
1704 http fetch GET 200 https://registry.npmjs.org/@so-ric%2fcolorspace 59ms (cache miss)
1705 silly packumentCache full:https://registry.npmjs.org/@so-ric%2fcolorspace set size:undefined disposed:false
1706 http fetch GET 200 https://registry.npmjs.org/fn.name 263ms (cache miss)
1707 silly packumentCache full:https://registry.npmjs.org/fn.name set size:undefined disposed:false
1708 http fetch GET 200 https://registry.npmjs.org/enabled 290ms (cache miss)
1709 silly packumentCache full:https://registry.npmjs.org/enabled set size:undefined disposed:false
1710 http fetch GET 200 https://registry.npmjs.org/@types%2ftriple-beam 493ms (cache miss)
1711 silly packumentCache full:https://registry.npmjs.org/@types%2ftriple-beam set size:undefined disposed:false
1712 silly placeDep ROOT @so-ric/colorspace@1.1.6 OK for: @dabh/diagnostics@2.0.8 want: ^1.1.6
1713 silly placeDep ROOT enabled@2.0.0 OK for: @dabh/diagnostics@2.0.8 want: 2.0.x
1714 silly placeDep ROOT kuler@2.0.0 OK for: @dabh/diagnostics@2.0.8 want: ^2.0.0
1715 silly fetch manifest color@^5.0.2
1716 silly packumentCache full:https://registry.npmjs.org/color cache-miss
1717 silly fetch manifest text-hex@1.0.x
1718 silly packumentCache full:https://registry.npmjs.org/text-hex cache-miss
1719 http cache https://registry.npmjs.org/color 5ms (cache hit)
1720 silly packumentCache full:https://registry.npmjs.org/color set size:98234 disposed:false
1721 http fetch GET 200 https://registry.npmjs.org/text-hex 36ms (cache miss)
1722 silly packumentCache full:https://registry.npmjs.org/text-hex set size:undefined disposed:false
1723 silly placeDep node_modules/@so-ric/colorspace color@5.0.3 OK for: @so-ric/colorspace@1.1.6 want: ^5.0.2
1724 silly placeDep ROOT text-hex@1.0.0 OK for: @so-ric/colorspace@1.1.6 want: 1.0.x
1725 silly fetch manifest color-convert@^3.1.3
1726 silly packumentCache full:https://registry.npmjs.org/color-convert cache-miss
1727 silly fetch manifest color-string@^2.1.3
1728 silly packumentCache full:https://registry.npmjs.org/color-string cache-miss
1729 http cache https://registry.npmjs.org/color-string 3ms (cache hit)
1730 silly packumentCache full:https://registry.npmjs.org/color-string set size:84418 disposed:false
1731 http cache https://registry.npmjs.org/color-convert 6ms (cache hit)
1732 silly packumentCache full:https://registry.npmjs.org/color-convert set size:72663 disposed:false
1733 silly placeDep ROOT @types/triple-beam@1.3.5 OK for: logform@2.7.0 want: ^1.3.2
1734 silly placeDep ROOT fecha@4.2.3 OK for: logform@2.7.0 want: ^4.2.0
1735 silly placeDep node_modules/logform ms@2.1.3 OK for: logform@2.7.0 want: ^2.1.1
1736 silly placeDep ROOT fn.name@1.1.0 OK for: one-time@1.0.0 want: 1.x.x
1737 silly placeDep node_modules/winston-transport readable-stream@3.6.2 OK for: winston-transport@4.9.0 want: ^3.6.2
1738 silly placeDep node_modules/@so-ric/colorspace color-convert@3.1.3 OK for: color@5.0.3 want: ^3.1.3
1739 silly placeDep node_modules/@so-ric/colorspace color-string@2.1.4 OK for: color@5.0.3 want: ^2.1.3
1740 silly fetch manifest color-name@^2.0.0
1741 silly packumentCache full:https://registry.npmjs.org/color-name cache-miss
1742 silly fetch manifest color-name@^2.0.0
1743 silly packumentCache full:https://registry.npmjs.org/color-name cache-miss
1744 http cache https://registry.npmjs.org/color-name 4ms (cache hit)
1745 silly packumentCache full:https://registry.npmjs.org/color-name set size:20968 disposed:false
1746 http cache https://registry.npmjs.org/color-name 5ms (cache hit)
1747 silly packumentCache full:https://registry.npmjs.org/color-name set size:20968 disposed:false
1748 silly packumentCache full:https://registry.npmjs.org/color-name dispose
1749 silly placeDep node_modules/@so-ric/colorspace color-name@2.1.1 OK for: color-convert@3.1.3 want: ^2.0.0
1750 silly placeDep node_modules/agent-base ms@2.1.3 OK for: debug@4.4.3 want: ^2.1.3
1751 silly placeDep node_modules/gaxios agent-base@7.1.4 OK for: https-proxy-agent@7.0.6 want: ^7.1.2
1752 silly placeDep node_modules/gaxios debug@4.4.3 OK for: https-proxy-agent@7.0.6 want: 4
1753 silly placeDep node_modules/gaxios ms@2.1.3 OK for: debug@4.4.3 want: ^2.1.3
1754 silly placeDep node_modules/https-proxy-agent ms@2.1.3 OK for: debug@4.4.3 want: ^2.1.3
1755 silly placeDep node_modules/mongoose gaxios@5.1.3 OK for: gcp-metadata@5.3.0 want: ^5.0.0
1756 silly placeDep node_modules/mongoose is-stream@2.0.1 OK for: gaxios@5.1.3 want: ^2.0.0
1757 silly placeDep ROOT @mongodb-js/saslprep@1.5.0 OK for: mongodb@6.20.0 want: ^1.3.0
1758 silly placeDep ROOT mongodb-connection-string-url@3.0.2 OK for: mongodb@6.20.0 want: ^3.0.2
1759 silly fetch manifest sparse-bitfield@^3.0.3
1760 silly packumentCache full:https://registry.npmjs.org/sparse-bitfield cache-miss
1761 silly fetch manifest whatwg-url@^14.1.0 || ^13.0.0
1762 silly packumentCache full:https://registry.npmjs.org/whatwg-url cache-miss
1763 silly fetch manifest @types/whatwg-url@^11.0.2
1764 silly packumentCache full:https://registry.npmjs.org/@types%2fwhatwg-url cache-miss
1765 http cache https://registry.npmjs.org/whatwg-url 6ms (cache hit)
1766 silly packumentCache full:https://registry.npmjs.org/whatwg-url set size:177251 disposed:false
1767 http fetch GET 200 https://registry.npmjs.org/sparse-bitfield 35ms (cache miss)
1768 silly packumentCache full:https://registry.npmjs.org/sparse-bitfield set size:undefined disposed:false
1769 http fetch GET 200 https://registry.npmjs.org/@types%2fwhatwg-url 46ms (cache miss)
1770 silly packumentCache full:https://registry.npmjs.org/@types%2fwhatwg-url set size:undefined disposed:false
1771 silly placeDep ROOT sparse-bitfield@3.0.3 OK for: @mongodb-js/saslprep@1.5.0 want: ^3.0.3
1772 silly fetch manifest memory-pager@^1.0.2
1773 silly packumentCache full:https://registry.npmjs.org/memory-pager cache-miss
1774 http fetch GET 200 https://registry.npmjs.org/memory-pager 48ms (cache miss)
1775 silly packumentCache full:https://registry.npmjs.org/memory-pager set size:undefined disposed:false
1776 silly placeDep ROOT @types/whatwg-url@11.0.5 OK for: mongodb-connection-string-url@3.0.2 want: ^11.0.2
1777 silly placeDep node_modules/mongodb-connection-string-url whatwg-url@14.2.0 OK for: mongodb-connection-string-url@3.0.2 want: ^14.1.0 || ^13.0.0
1778 silly fetch manifest @types/webidl-conversions@*
1779 silly packumentCache full:https://registry.npmjs.org/@types%2fwebidl-conversions cache-miss
1780 silly fetch manifest tr46@^5.1.0
1781 silly packumentCache full:https://registry.npmjs.org/tr46 cache-miss
1782 silly fetch manifest webidl-conversions@^7.0.0
1783 silly packumentCache full:https://registry.npmjs.org/webidl-conversions cache-miss
1784 http cache https://registry.npmjs.org/tr46 4ms (cache hit)
1785 silly packumentCache full:https://registry.npmjs.org/tr46 set size:47377 disposed:false
1786 http cache https://registry.npmjs.org/webidl-conversions 6ms (cache hit)
1787 silly packumentCache full:https://registry.npmjs.org/webidl-conversions set size:46073 disposed:false
1788 http fetch GET 200 https://registry.npmjs.org/@types%2fwebidl-conversions 285ms (cache miss)
1789 silly packumentCache full:https://registry.npmjs.org/@types%2fwebidl-conversions set size:undefined disposed:false
1790 silly placeDep ROOT @types/webidl-conversions@7.0.3 OK for: @types/whatwg-url@11.0.5 want: *
1791 silly placeDep ROOT memory-pager@1.5.0 OK for: sparse-bitfield@3.0.3 want: ^1.0.2
1792 silly placeDep node_modules/mongodb-connection-string-url tr46@5.1.1 OK for: whatwg-url@14.2.0 want: ^5.1.0
1793 silly placeDep node_modules/mongodb-connection-string-url webidl-conversions@7.0.0 OK for: whatwg-url@14.2.0 want: ^7.0.0
1794 silly fetch manifest punycode@^2.3.1
1795 silly packumentCache full:https://registry.npmjs.org/punycode cache-miss
1796 http fetch GET 200 https://registry.npmjs.org/punycode 35ms (cache miss)
1797 silly packumentCache full:https://registry.npmjs.org/punycode set size:undefined disposed:false
1798 silly placeDep ROOT punycode@2.3.1 OK for: tr46@5.1.1 want: ^2.3.1
1799 silly placeDep node_modules/mquery ms@2.1.3 OK for: debug@4.4.3 want: ^2.1.3
1800 silly placeDep node_modules/nodemon ms@2.1.3 OK for: debug@4.4.3 want: ^2.1.3
1801 silly reify moves {}
1802 http cache memory-pager@https://registry.npmjs.org/memory-pager/-/memory-pager-1.5.0.tgz 0ms (cache hit)
1803 http cache punycode@https://registry.npmjs.org/punycode/-/punycode-2.3.1.tgz 0ms (cache hit)
1804 http cache @types/webidl-conversions@https://registry.npmjs.org/@types/webidl-conversions/-/webidl-conversions-7.0.3.tgz 0ms (cache hit)
1805 http cache sparse-bitfield@https://registry.npmjs.org/sparse-bitfield/-/sparse-bitfield-3.0.3.tgz 0ms (cache hit)
1806 http cache @types/whatwg-url@https://registry.npmjs.org/@types/whatwg-url/-/whatwg-url-11.0.5.tgz 0ms (cache hit)
1807 http cache mongodb-connection-string-url@https://registry.npmjs.org/mongodb-connection-string-url/-/mongodb-connection-string-url-3.0.2.tgz 0ms (cache hit)
1808 http cache fn.name@https://registry.npmjs.org/fn.name/-/fn.name-1.1.0.tgz 0ms (cache hit)
1809 http cache fecha@https://registry.npmjs.org/fecha/-/fecha-4.2.3.tgz 0ms (cache hit)
1810 http cache text-hex@https://registry.npmjs.org/text-hex/-/text-hex-1.0.0.tgz 0ms (cache hit)
1811 http cache @types/triple-beam@https://registry.npmjs.org/@types/triple-beam/-/triple-beam-1.3.5.tgz 0ms (cache hit)
1812 http cache @mongodb-js/saslprep@https://registry.npmjs.org/@mongodb-js/saslprep/-/saslprep-1.5.0.tgz 0ms (cache hit)
1813 http cache kuler@https://registry.npmjs.org/kuler/-/kuler-2.0.0.tgz 0ms (cache hit)
1814 http cache enabled@https://registry.npmjs.org/enabled/-/enabled-2.0.0.tgz 0ms (cache hit)
1815 http cache @so-ric/colorspace@https://registry.npmjs.org/@so-ric/colorspace/-/colorspace-1.1.6.tgz 0ms (cache hit)
1816 http cache winston-transport@https://registry.npmjs.org/winston-transport/-/winston-transport-4.9.0.tgz 0ms (cache hit)
1817 http cache stack-trace@https://registry.npmjs.org/stack-trace/-/stack-trace-0.0.10.tgz 0ms (cache hit)
1818 http cache safe-stable-stringify@https://registry.npmjs.org/safe-stable-stringify/-/safe-stable-stringify-2.5.0.tgz 0ms (cache hit)
1819 http cache triple-beam@https://registry.npmjs.org/triple-beam/-/triple-beam-1.4.1.tgz 0ms (cache hit)
1820 http cache one-time@https://registry.npmjs.org/one-time/-/one-time-1.0.0.tgz 0ms (cache hit)
1821 http cache async@https://registry.npmjs.org/async/-/async-3.2.6.tgz 0ms (cache hit)
1822 http cache logform@https://registry.npmjs.org/logform/-/logform-2.7.0.tgz 0ms (cache hit)
1823 http cache @dabh/diagnostics@https://registry.npmjs.org/@dabh/diagnostics/-/diagnostics-2.0.8.tgz 0ms (cache hit)
1824 http cache @colors/colors@https://registry.npmjs.org/@colors/colors/-/colors-1.6.0.tgz 0ms (cache hit)
1825 http cache possible-typed-array-names@https://registry.npmjs.org/possible-typed-array-names/-/possible-typed-array-names-1.1.0.tgz 0ms (cache hit)
1826 http cache is-callable@https://registry.npmjs.org/is-callable/-/is-callable-1.2.7.tgz 0ms (cache hit)
1827 http cache for-each@https://registry.npmjs.org/for-each/-/for-each-0.3.5.tgz 0ms (cache hit)
1828 http cache available-typed-arrays@https://registry.npmjs.org/available-typed-arrays/-/available-typed-arrays-1.0.7.tgz 0ms (cache hit)
1829 http cache is-weakset@https://registry.npmjs.org/is-weakset/-/is-weakset-2.0.4.tgz 0ms (cache hit)
1830 http cache is-weakmap@https://registry.npmjs.org/is-weakmap/-/is-weakmap-2.0.2.tgz 0ms (cache hit)
1831 http cache safe-regex-test@https://registry.npmjs.org/safe-regex-test/-/safe-regex-test-1.1.0.tgz 0ms (cache hit)
1832 http cache has-bigints@https://registry.npmjs.org/has-bigints/-/has-bigints-1.1.0.tgz 0ms (cache hit)
1833 http cache is-symbol@https://registry.npmjs.org/is-symbol/-/is-symbol-1.1.1.tgz 0ms (cache hit)
1834 http cache is-number-object@https://registry.npmjs.org/is-number-object/-/is-number-object-1.1.1.tgz 0ms (cache hit)
1835 http cache is-boolean-object@https://registry.npmjs.org/is-boolean-object/-/is-boolean-object-1.2.2.tgz 0ms (cache hit)
1836 http cache tr46@https://registry.npmjs.org/tr46/-/tr46-0.0.3.tgz 0ms (cache hit)
1837 http cache webidl-conversions@https://registry.npmjs.org/webidl-conversions/-/webidl-conversions-3.0.1.tgz 0ms (cache hit)
1838 http cache media-typer@https://registry.npmjs.org/media-typer/-/media-typer-0.3.0.tgz 0ms (cache hit)
1839 http cache is-bigint@https://registry.npmjs.org/is-bigint/-/is-bigint-1.1.0.tgz 0ms (cache hit)
1840 http cache @borewit/text-codec@https://registry.npmjs.org/@borewit/text-codec/-/text-codec-0.2.2.tgz 0ms (cache hit)
1841 http cache is-number@https://registry.npmjs.org/is-number/-/is-number-7.0.0.tgz 0ms (cache hit)
1842 http cache has-flag@https://registry.npmjs.org/has-flag/-/has-flag-3.0.0.tgz 0ms (cache hit)
1843 http cache peek-readable@https://registry.npmjs.org/peek-readable/-/peek-readable-5.4.2.tgz 0ms (cache hit)
1844 http cache @tokenizer/token@https://registry.npmjs.org/@tokenizer/token/-/token-0.3.0.tgz 0ms (cache hit)
1845 http cache internal-slot@https://registry.npmjs.org/internal-slot/-/internal-slot-1.1.0.tgz 0ms (cache hit)
1846 http cache ieee754@https://registry.npmjs.org/ieee754/-/ieee754-1.2.1.tgz 0ms (cache hit)
1847 http cache is-arrayish@https://registry.npmjs.org/is-arrayish/-/is-arrayish-0.3.4.tgz 0ms (cache hit)
1848 http cache side-channel-map@https://registry.npmjs.org/side-channel-map/-/side-channel-map-1.0.1.tgz 0ms (cache hit)
1849 http cache side-channel-weakmap@https://registry.npmjs.org/side-channel-weakmap/-/side-channel-weakmap-1.0.2.tgz 0ms (cache hit)
1850 http cache side-channel-list@https://registry.npmjs.org/side-channel-list/-/side-channel-list-1.0.1.tgz 0ms (cache hit)
1851 http cache object-inspect@https://registry.npmjs.org/object-inspect/-/object-inspect-1.13.4.tgz 0ms (cache hit)
1852 http cache color-name@https://registry.npmjs.org/color-name/-/color-name-1.1.4.tgz 0ms (cache hit)
1853 http cache color-convert@https://registry.npmjs.org/color-convert/-/color-convert-2.0.1.tgz 0ms (cache hit)
1854 http cache simple-swizzle@https://registry.npmjs.org/simple-swizzle/-/simple-swizzle-0.2.4.tgz 0ms (cache hit)
1855 http cache color-string@https://registry.npmjs.org/color-string/-/color-string-1.9.1.tgz 0ms (cache hit)
1856 http cache detect-libc@https://registry.npmjs.org/detect-libc/-/detect-libc-2.1.2.tgz 0ms (cache hit)
1857 http cache color@https://registry.npmjs.org/color/-/color-4.2.3.tgz 0ms (cache hit)
1858 http cache @img/sharp-libvips-darwin-x64@https://registry.npmjs.org/@img/sharp-libvips-darwin-x64/-/sharp-libvips-darwin-x64-1.0.4.tgz 0ms (cache hit)
1859 http cache functions-have-names@https://registry.npmjs.org/functions-have-names/-/functions-have-names-1.2.3.tgz 0ms (cache hit)
1860 http cache @img/sharp-darwin-x64@https://registry.npmjs.org/@img/sharp-darwin-x64/-/sharp-darwin-x64-0.33.5.tgz 0ms (cache hit)
1861 http cache mime@https://registry.npmjs.org/mime/-/mime-1.6.0.tgz 0ms (cache hit)
1862 http cache set-function-name@https://registry.npmjs.org/set-function-name/-/set-function-name-2.0.2.tgz 0ms (cache hit)
1863 http cache util-deprecate@https://registry.npmjs.org/util-deprecate/-/util-deprecate-1.0.2.tgz 0ms (cache hit)
1864 http cache string_decoder@https://registry.npmjs.org/string_decoder/-/string_decoder-1.1.1.tgz 0ms (cache hit)
1865 http cache process-nextick-args@https://registry.npmjs.org/process-nextick-args/-/process-nextick-args-2.0.1.tgz 0ms (cache hit)
1866 http cache core-util-is@https://registry.npmjs.org/core-util-is/-/core-util-is-1.0.3.tgz 0ms (cache hit)
1867 http cache forwarded@https://registry.npmjs.org/forwarded/-/forwarded-0.2.0.tgz 0ms (cache hit)
1868 http cache ipaddr.js@https://registry.npmjs.org/ipaddr.js/-/ipaddr.js-1.9.1.tgz 0ms (cache hit)
1869 http cache pako@https://registry.npmjs.org/pako/-/pako-1.0.11.tgz 0ms (cache hit)
1870 http cache browserify-zlib@https://registry.npmjs.org/browserify-zlib/-/browserify-zlib-0.2.0.tgz 0ms (cache hit)
1871 http cache has-property-descriptors@https://registry.npmjs.org/has-property-descriptors/-/has-property-descriptors-1.0.2.tgz 0ms (cache hit)
1872 http cache define-data-property@https://registry.npmjs.org/define-data-property/-/define-data-property-1.1.4.tgz 0ms (cache hit)
1873 http cache stop-iteration-iterator@https://registry.npmjs.org/stop-iteration-iterator/-/stop-iteration-iterator-1.1.0.tgz 0ms (cache hit)
1874 http cache define-properties@https://registry.npmjs.org/define-properties/-/define-properties-1.2.1.tgz 0ms (cache hit)
1875 http cache is-string@https://registry.npmjs.org/is-string/-/is-string-1.1.1.tgz 0ms (cache hit)
1876 http cache is-set@https://registry.npmjs.org/is-set/-/is-set-2.0.3.tgz 0ms (cache hit)
1877 http cache is-map@https://registry.npmjs.org/is-map/-/is-map-2.0.3.tgz 0ms (cache hit)
1878 http cache set-function-length@https://registry.npmjs.org/set-function-length/-/set-function-length-1.2.2.tgz 0ms (cache hit)
1879 http cache call-bound@https://registry.npmjs.org/call-bound/-/call-bound-1.0.4.tgz 0ms (cache hit)
1880 http cache which-collection@https://registry.npmjs.org/which-collection/-/which-collection-1.0.2.tgz 0ms (cache hit)
1881 http cache which-boxed-primitive@https://registry.npmjs.org/which-boxed-primitive/-/which-boxed-primitive-1.1.1.tgz 0ms (cache hit)
1882 http cache which-typed-array@https://registry.npmjs.org/which-typed-array/-/which-typed-array-1.1.22.tgz 0ms (cache hit)
1883 http cache regexp.prototype.flags@https://registry.npmjs.org/regexp.prototype.flags/-/regexp.prototype.flags-1.5.4.tgz 0ms (cache hit)
1884 http cache side-channel@https://registry.npmjs.org/side-channel/-/side-channel-1.1.1.tgz 0ms (cache hit)
1885 http cache object.assign@https://registry.npmjs.org/object.assign/-/object.assign-4.1.7.tgz 0ms (cache hit)
1886 http cache object-keys@https://registry.npmjs.org/object-keys/-/object-keys-1.1.1.tgz 0ms (cache hit)
1887 http cache isarray@https://registry.npmjs.org/isarray/-/isarray-2.0.5.tgz 0ms (cache hit)
1888 http cache is-regex@https://registry.npmjs.org/is-regex/-/is-regex-1.2.1.tgz 0ms (cache hit)
1889 http cache is-date-object@https://registry.npmjs.org/is-date-object/-/is-date-object-1.1.0.tgz 0ms (cache hit)
1890 http cache is-shared-array-buffer@https://registry.npmjs.org/is-shared-array-buffer/-/is-shared-array-buffer-1.0.4.tgz 0ms (cache hit)
1891 http cache is-array-buffer@https://registry.npmjs.org/is-array-buffer/-/is-array-buffer-3.0.5.tgz 0ms (cache hit)
1892 http cache object-is@https://registry.npmjs.org/object-is/-/object-is-1.1.6.tgz 0ms (cache hit)
1893 http cache is-arguments@https://registry.npmjs.org/is-arguments/-/is-arguments-1.2.0.tgz 0ms (cache hit)
1894 http cache call-bind@https://registry.npmjs.org/call-bind/-/call-bind-1.0.9.tgz 0ms (cache hit)
1895 http cache es-get-iterator@https://registry.npmjs.org/es-get-iterator/-/es-get-iterator-1.1.3.tgz 0ms (cache hit)
1896 http cache array-buffer-byte-length@https://registry.npmjs.org/array-buffer-byte-length/-/array-buffer-byte-length-1.0.2.tgz 0ms (cache hit)
1897 http cache unicode-trie@https://registry.npmjs.org/unicode-trie/-/unicode-trie-2.0.0.tgz 0ms (cache hit)
1898 http cache tslib@https://registry.npmjs.org/tslib/-/tslib-2.8.1.tgz 0ms (cache hit)
1899 http cache unicode-properties@https://registry.npmjs.org/unicode-properties/-/unicode-properties-1.4.1.tgz 0ms (cache hit)
1900 http cache tiny-inflate@https://registry.npmjs.org/tiny-inflate/-/tiny-inflate-1.0.3.tgz 0ms (cache hit)
1901 http cache dfa@https://registry.npmjs.org/dfa/-/dfa-1.2.0.tgz 0ms (cache hit)
1902 http cache restructure@https://registry.npmjs.org/restructure/-/restructure-2.0.1.tgz 0ms (cache hit)
1903 http cache deep-equal@https://registry.npmjs.org/deep-equal/-/deep-equal-2.2.3.tgz 0ms (cache hit)
1904 http cache clone@https://registry.npmjs.org/clone/-/clone-2.1.2.tgz 0ms (cache hit)
1905 http cache brotli@https://registry.npmjs.org/brotli/-/brotli-1.3.3.tgz 0ms (cache hit)
1906 http cache @swc/helpers@https://registry.npmjs.org/@swc/helpers/-/helpers-0.3.17.tgz 1ms (cache hit)
1907 http cache png-js@https://registry.npmjs.org/png-js/-/png-js-1.1.0.tgz 0ms (cache hit)
1908 http cache crypto-js@https://registry.npmjs.org/crypto-js/-/crypto-js-4.2.0.tgz 0ms (cache hit)
1909 http cache fontkit@https://registry.npmjs.org/fontkit/-/fontkit-1.9.0.tgz 0ms (cache hit)
1910 http cache jpeg-exif@https://registry.npmjs.org/jpeg-exif/-/jpeg-exif-1.1.4.tgz 0ms (cache hit)
1911 http cache linebreak@https://registry.npmjs.org/linebreak/-/linebreak-1.1.0.tgz 0ms (cache hit)
1912 http cache ee-first@https://registry.npmjs.org/ee-first/-/ee-first-1.1.1.tgz 0ms (cache hit)
1913 http cache balanced-match@https://registry.npmjs.org/balanced-match/-/balanced-match-4.0.4.tgz 0ms (cache hit)
1914 http cache brace-expansion@https://registry.npmjs.org/brace-expansion/-/brace-expansion-5.0.9.tgz 0ms (cache hit)
1915 http cache is-extglob@https://registry.npmjs.org/is-extglob/-/is-extglob-2.1.1.tgz 0ms (cache hit)
1916 http cache to-regex-range@https://registry.npmjs.org/to-regex-range/-/to-regex-range-5.0.1.tgz 0ms (cache hit)
1917 http cache fill-range@https://registry.npmjs.org/fill-range/-/fill-range-7.1.1.tgz 0ms (cache hit)
1918 http cache binary-extensions@https://registry.npmjs.org/binary-extensions/-/binary-extensions-2.3.0.tgz 0ms (cache hit)
1919 http cache readdirp@https://registry.npmjs.org/readdirp/-/readdirp-3.6.0.tgz 0ms (cache hit)
1920 http cache normalize-path@https://registry.npmjs.org/normalize-path/-/normalize-path-3.0.0.tgz 0ms (cache hit)
1921 http cache picomatch@https://registry.npmjs.org/picomatch/-/picomatch-2.3.2.tgz 0ms (cache hit)
1922 http cache is-glob@https://registry.npmjs.org/is-glob/-/is-glob-4.0.3.tgz 0ms (cache hit)
1923 http cache glob-parent@https://registry.npmjs.org/glob-parent/-/glob-parent-5.1.2.tgz 0ms (cache hit)
1924 http cache is-binary-path@https://registry.npmjs.org/is-binary-path/-/is-binary-path-2.1.0.tgz 0ms (cache hit)
1925 http cache fsevents@https://registry.npmjs.org/fsevents/-/fsevents-2.3.3.tgz 0ms (cache hit)
1926 http cache braces@https://registry.npmjs.org/braces/-/braces-3.0.3.tgz 0ms (cache hit)
1927 http cache anymatch@https://registry.npmjs.org/anymatch/-/anymatch-3.1.3.tgz 0ms (cache hit)
1928 http cache undefsafe@https://registry.npmjs.org/undefsafe/-/undefsafe-2.0.5.tgz 0ms (cache hit)
1929 http cache touch@https://registry.npmjs.org/touch/-/touch-3.1.1.tgz 0ms (cache hit)
1930 http cache supports-color@https://registry.npmjs.org/supports-color/-/supports-color-5.5.0.tgz 0ms (cache hit)
1931 http cache simple-update-notifier@https://registry.npmjs.org/simple-update-notifier/-/simple-update-notifier-2.0.0.tgz 0ms (cache hit)
1932 http cache pstree.remy@https://registry.npmjs.org/pstree.remy/-/pstree.remy-1.1.8.tgz 0ms (cache hit)
1933 http cache minimatch@https://registry.npmjs.org/minimatch/-/minimatch-10.2.6.tgz 0ms (cache hit)
1934 http cache ignore-by-default@https://registry.npmjs.org/ignore-by-default/-/ignore-by-default-1.0.1.tgz 0ms (cache hit)
1935 http cache chokidar@https://registry.npmjs.org/chokidar/-/chokidar-3.6.0.tgz 0ms (cache hit)
1936 http cache whatwg-url@https://registry.npmjs.org/whatwg-url/-/whatwg-url-5.0.0.tgz 0ms (cache hit)
1937 http cache minimist@https://registry.npmjs.org/minimist/-/minimist-1.2.8.tgz 0ms (cache hit)
1938 http cache typedarray@https://registry.npmjs.org/typedarray/-/typedarray-0.0.6.tgz 0ms (cache hit)
1939 http cache buffer-from@https://registry.npmjs.org/buffer-from/-/buffer-from-1.1.2.tgz 0ms (cache hit)
1940 http cache readable-stream@https://registry.npmjs.org/readable-stream/-/readable-stream-2.3.8.tgz 0ms (cache hit)
1941 http cache mkdirp@https://registry.npmjs.org/mkdirp/-/mkdirp-0.5.6.tgz 0ms (cache hit)
1942 http cache xtend@https://registry.npmjs.org/xtend/-/xtend-4.0.2.tgz 0ms (cache hit)
1943 http cache streamsearch@https://registry.npmjs.org/streamsearch/-/streamsearch-1.1.0.tgz 0ms (cache hit)
1944 http cache busboy@https://registry.npmjs.org/busboy/-/busboy-1.6.0.tgz 0ms (cache hit)
1945 http cache append-field@https://registry.npmjs.org/append-field/-/append-field-1.0.0.tgz 0ms (cache hit)
1946 http cache concat-stream@https://registry.npmjs.org/concat-stream/-/concat-stream-1.6.2.tgz 0ms (cache hit)
1947 http cache mquery@https://registry.npmjs.org/mquery/-/mquery-5.0.0.tgz 0ms (cache hit)
1948 http cache mpath@https://registry.npmjs.org/mpath/-/mpath-0.9.0.tgz 0ms (cache hit)
1949 http cache kareem@https://registry.npmjs.org/kareem/-/kareem-2.6.3.tgz 0ms (cache hit)
1950 http cache mime-db@https://registry.npmjs.org/mime-db/-/mime-db-1.52.0.tgz 0ms (cache hit)
1951 http cache sift@https://registry.npmjs.org/sift/-/sift-17.1.3.tgz 0ms (cache hit)
1952 http cache bson@https://registry.npmjs.org/bson/-/bson-6.10.4.tgz 0ms (cache hit)
1953 http cache buffer-equal-constant-time@https://registry.npmjs.org/buffer-equal-constant-time/-/buffer-equal-constant-time-1.0.1.tgz 0ms (cache hit)
1954 http cache semver@https://registry.npmjs.org/semver/-/semver-7.8.5.tgz 0ms (cache hit)
1955 http cache jwa@https://registry.npmjs.org/jwa/-/jwa-2.0.1.tgz 0ms (cache hit)
1956 http cache lodash.once@https://registry.npmjs.org/lodash.once/-/lodash.once-4.1.1.tgz 0ms (cache hit)
1957 http cache lodash.isstring@https://registry.npmjs.org/lodash.isstring/-/lodash.isstring-4.0.1.tgz 0ms (cache hit)
1958 http cache lodash.isplainobject@https://registry.npmjs.org/lodash.isplainobject/-/lodash.isplainobject-4.0.6.tgz 0ms (cache hit)
1959 http cache lodash.isinteger@https://registry.npmjs.org/lodash.isinteger/-/lodash.isinteger-4.0.4.tgz 0ms (cache hit)
1960 http cache lodash.isboolean@https://registry.npmjs.org/lodash.isboolean/-/lodash.isboolean-3.0.3.tgz 0ms (cache hit)
1961 http cache lodash.includes@https://registry.npmjs.org/lodash.includes/-/lodash.includes-4.3.0.tgz 0ms (cache hit)
1962 http cache lodash.isnumber@https://registry.npmjs.org/lodash.isnumber/-/lodash.isnumber-3.0.3.tgz 0ms (cache hit)
1963 http cache bignumber.js@https://registry.npmjs.org/bignumber.js/-/bignumber.js-9.3.1.tgz 0ms (cache hit)
1964 http cache safer-buffer@https://registry.npmjs.org/safer-buffer/-/safer-buffer-2.1.2.tgz 0ms (cache hit)
1965 http cache agent-base@https://registry.npmjs.org/agent-base/-/agent-base-6.0.2.tgz 0ms (cache hit)
1966 http cache toidentifier@https://registry.npmjs.org/toidentifier/-/toidentifier-1.0.1.tgz 0ms (cache hit)
1967 http cache inherits@https://registry.npmjs.org/inherits/-/inherits-2.0.4.tgz 0ms (cache hit)
1968 http cache url-template@https://registry.npmjs.org/url-template/-/url-template-2.0.8.tgz 0ms (cache hit)
1969 http cache google-logging-utils@https://registry.npmjs.org/google-logging-utils/-/google-logging-utils-0.0.2.tgz 0ms (cache hit)
1970 http cache node-fetch@https://registry.npmjs.org/node-fetch/-/node-fetch-2.7.0.tgz 0ms (cache hit)
1971 http cache json-bigint@https://registry.npmjs.org/json-bigint/-/json-bigint-1.0.0.tgz 0ms (cache hit)
1972 http cache extend@https://registry.npmjs.org/extend/-/extend-3.0.2.tgz 0ms (cache hit)
1973 http cache gtoken@https://registry.npmjs.org/gtoken/-/gtoken-7.1.0.tgz 0ms (cache hit)
1974 http cache gcp-metadata@https://registry.npmjs.org/gcp-metadata/-/gcp-metadata-6.1.1.tgz 0ms (cache hit)
1975 http cache ecdsa-sig-formatter@https://registry.npmjs.org/ecdsa-sig-formatter/-/ecdsa-sig-formatter-1.0.11.tgz 0ms (cache hit)
1976 http cache gaxios@https://registry.npmjs.org/gaxios/-/gaxios-6.7.1.tgz 0ms (cache hit)
1977 http cache jws@https://registry.npmjs.org/jws/-/jws-4.0.1.tgz 0ms (cache hit)
1978 http cache googleapis-common@https://registry.npmjs.org/googleapis-common/-/googleapis-common-7.2.0.tgz 0ms (cache hit)
1979 http cache base64-js@https://registry.npmjs.org/base64-js/-/base64-js-1.5.1.tgz 0ms (cache hit)
1980 http cache google-auth-library@https://registry.npmjs.org/google-auth-library/-/google-auth-library-9.15.1.tgz 0ms (cache hit)
1981 http cache is-stream@https://registry.npmjs.org/is-stream/-/is-stream-4.0.1.tgz 0ms (cache hit)
1982 http cache math-intrinsics@https://registry.npmjs.org/math-intrinsics/-/math-intrinsics-1.1.0.tgz 0ms (cache hit)
1983 http cache has-symbols@https://registry.npmjs.org/has-symbols/-/has-symbols-1.1.0.tgz 0ms (cache hit)
1984 http cache dunder-proto@https://registry.npmjs.org/dunder-proto/-/dunder-proto-1.0.1.tgz 0ms (cache hit)
1985 http cache gopd@https://registry.npmjs.org/gopd/-/gopd-1.2.0.tgz 0ms (cache hit)
1986 http cache get-proto@https://registry.npmjs.org/get-proto/-/get-proto-1.0.1.tgz 0ms (cache hit)
1987 http cache @sec-ant/readable-stream@https://registry.npmjs.org/@sec-ant/readable-stream/-/readable-stream-0.4.1.tgz 0ms (cache hit)
1988 http cache function-bind@https://registry.npmjs.org/function-bind/-/function-bind-1.1.2.tgz 0ms (cache hit)
1989 http cache es-object-atoms@https://registry.npmjs.org/es-object-atoms/-/es-object-atoms-1.1.2.tgz 0ms (cache hit)
1990 http cache es-define-property@https://registry.npmjs.org/es-define-property/-/es-define-property-1.0.1.tgz 0ms (cache hit)
1991 http cache call-bind-apply-helpers@https://registry.npmjs.org/call-bind-apply-helpers/-/call-bind-apply-helpers-1.0.2.tgz 0ms (cache hit)
1992 http cache get-intrinsic@https://registry.npmjs.org/get-intrinsic/-/get-intrinsic-1.3.0.tgz 0ms (cache hit)
1993 http cache es-errors@https://registry.npmjs.org/es-errors/-/es-errors-1.3.0.tgz 0ms (cache hit)
1994 http cache has-tostringtag@https://registry.npmjs.org/has-tostringtag/-/has-tostringtag-1.0.2.tgz 0ms (cache hit)
1995 http cache delayed-stream@https://registry.npmjs.org/delayed-stream/-/delayed-stream-1.0.0.tgz 0ms (cache hit)
1996 http cache es-set-tostringtag@https://registry.npmjs.org/es-set-tostringtag/-/es-set-tostringtag-2.1.0.tgz 0ms (cache hit)
1997 http cache hasown@https://registry.npmjs.org/hasown/-/hasown-2.0.4.tgz 0ms (cache hit)
1998 http cache asynckit@https://registry.npmjs.org/asynckit/-/asynckit-0.4.0.tgz 0ms (cache hit)
1999 http cache combined-stream@https://registry.npmjs.org/combined-stream/-/combined-stream-1.0.8.tgz 0ms (cache hit)
2000 http cache token-types@https://registry.npmjs.org/token-types/-/token-types-6.1.2.tgz 0ms (cache hit)
2001 http cache uint8array-extras@https://registry.npmjs.org/uint8array-extras/-/uint8array-extras-1.5.0.tgz 0ms (cache hit)
2002 http cache get-stream@https://registry.npmjs.org/get-stream/-/get-stream-9.0.1.tgz 0ms (cache hit)
2003 http cache validator@https://registry.npmjs.org/validator/-/validator-13.15.35.tgz 0ms (cache hit)
2004 http cache unpipe@https://registry.npmjs.org/unpipe/-/unpipe-1.0.0.tgz 0ms (cache hit)
2005 http cache strtok3@https://registry.npmjs.org/strtok3/-/strtok3-9.1.1.tgz 0ms (cache hit)
2006 http cache raw-body@https://registry.npmjs.org/raw-body/-/raw-body-2.5.3.tgz 0ms (cache hit)
2007 http cache ms@https://registry.npmjs.org/ms/-/ms-2.0.0.tgz 0ms (cache hit)
2008 http cache iconv-lite@https://registry.npmjs.org/iconv-lite/-/iconv-lite-0.4.24.tgz 0ms (cache hit)
2009 http cache bytes@https://registry.npmjs.org/bytes/-/bytes-3.1.2.tgz 0ms (cache hit)
2010 http cache destroy@https://registry.npmjs.org/destroy/-/destroy-1.2.0.tgz 0ms (cache hit)
2011 http cache negotiator@https://registry.npmjs.org/negotiator/-/negotiator-0.6.3.tgz 0ms (cache hit)
2012 http cache mime-types@https://registry.npmjs.org/mime-types/-/mime-types-2.1.35.tgz 0ms (cache hit)
2013 http cache type-is@https://registry.npmjs.org/type-is/-/type-is-1.6.18.tgz 0ms (cache hit)
2014 http cache utils-merge@https://registry.npmjs.org/utils-merge/-/utils-merge-1.0.1.tgz 0ms (cache hit)
2015 http cache statuses@https://registry.npmjs.org/statuses/-/statuses-2.0.2.tgz 0ms (cache hit)
2016 http cache setprototypeof@https://registry.npmjs.org/setprototypeof/-/setprototypeof-1.2.0.tgz 0ms (cache hit)
2017 http cache send@https://registry.npmjs.org/send/-/send-0.19.2.tgz 0ms (cache hit)
2018 http cache safe-buffer@https://registry.npmjs.org/safe-buffer/-/safe-buffer-5.2.1.tgz 0ms (cache hit)
2019 http cache serve-static@https://registry.npmjs.org/serve-static/-/serve-static-1.16.3.tgz 0ms (cache hit)
2020 http cache qs@https://registry.npmjs.org/qs/-/qs-6.15.3.tgz 0ms (cache hit)
2021 http cache range-parser@https://registry.npmjs.org/range-parser/-/range-parser-1.2.1.tgz 0ms (cache hit)
2022 http cache proxy-addr@https://registry.npmjs.org/proxy-addr/-/proxy-addr-2.0.7.tgz 0ms (cache hit)
2023 http cache path-to-regexp@https://registry.npmjs.org/path-to-regexp/-/path-to-regexp-0.1.13.tgz 0ms (cache hit)
2024 http cache parseurl@https://registry.npmjs.org/parseurl/-/parseurl-1.3.3.tgz 0ms (cache hit)
2025 http cache on-finished@https://registry.npmjs.org/on-finished/-/on-finished-2.4.1.tgz 0ms (cache hit)
2026 http cache merge-descriptors@https://registry.npmjs.org/merge-descriptors/-/merge-descriptors-1.0.3.tgz 0ms (cache hit)
2027 http cache methods@https://registry.npmjs.org/methods/-/methods-1.1.2.tgz 0ms (cache hit)
2028 http cache fresh@https://registry.npmjs.org/fresh/-/fresh-0.5.2.tgz 0ms (cache hit)
2029 http cache finalhandler@https://registry.npmjs.org/finalhandler/-/finalhandler-1.3.2.tgz 0ms (cache hit)
2030 http cache http-errors@https://registry.npmjs.org/http-errors/-/http-errors-2.0.1.tgz 0ms (cache hit)
2031 http cache escape-html@https://registry.npmjs.org/escape-html/-/escape-html-1.0.3.tgz 0ms (cache hit)
2032 http cache etag@https://registry.npmjs.org/etag/-/etag-1.8.1.tgz 0ms (cache hit)
2033 http cache encodeurl@https://registry.npmjs.org/encodeurl/-/encodeurl-2.0.0.tgz 0ms (cache hit)
2034 http cache depd@https://registry.npmjs.org/depd/-/depd-2.0.0.tgz 0ms (cache hit)
2035 http cache debug@https://registry.npmjs.org/debug/-/debug-2.6.9.tgz 0ms (cache hit)
2036 http cache content-type@https://registry.npmjs.org/content-type/-/content-type-1.0.5.tgz 0ms (cache hit)
2037 http cache body-parser@https://registry.npmjs.org/body-parser/-/body-parser-1.20.6.tgz 0ms (cache hit)
2038 http cache content-disposition@https://registry.npmjs.org/content-disposition/-/content-disposition-0.5.4.tgz 0ms (cache hit)
2039 http cache accepts@https://registry.npmjs.org/accepts/-/accepts-1.3.8.tgz 0ms (cache hit)
2040 http cache vary@https://registry.npmjs.org/vary/-/vary-1.1.2.tgz 0ms (cache hit)
2041 http cache object-assign@https://registry.npmjs.org/object-assign/-/object-assign-4.1.1.tgz 0ms (cache hit)
2042 http cache array-flatten@https://registry.npmjs.org/array-flatten/-/array-flatten-1.1.1.tgz 0ms (cache hit)
2043 http cache cookie-signature@https://registry.npmjs.org/cookie-signature/-/cookie-signature-1.0.6.tgz 0ms (cache hit)
2044 http cache proxy-from-env@https://registry.npmjs.org/proxy-from-env/-/proxy-from-env-2.1.0.tgz 0ms (cache hit)
2045 http cache cookie@https://registry.npmjs.org/cookie/-/cookie-0.7.2.tgz 0ms (cache hit)
2046 http cache lodash@https://registry.npmjs.org/lodash/-/lodash-4.18.1.tgz 0ms (cache hit)
2047 http cache https-proxy-agent@https://registry.npmjs.org/https-proxy-agent/-/https-proxy-agent-5.0.1.tgz 0ms (cache hit)
2048 http cache form-data@https://registry.npmjs.org/form-data/-/form-data-4.0.6.tgz 0ms (cache hit)
2049 http cache follow-redirects@https://registry.npmjs.org/follow-redirects/-/follow-redirects-1.16.0.tgz 0ms (cache hit)
2050 http cache uuid@https://registry.npmjs.org/uuid/-/uuid-9.0.1.tgz 0ms (cache hit)
2051 http cache sharp@https://registry.npmjs.org/sharp/-/sharp-0.33.5.tgz 0ms (cache hit)
2052 http cache winston@https://registry.npmjs.org/winston/-/winston-3.19.0.tgz 0ms (cache hit)
2053 http cache nodemon@https://registry.npmjs.org/nodemon/-/nodemon-3.1.14.tgz 0ms (cache hit)
2054 http cache pdfkit@https://registry.npmjs.org/pdfkit/-/pdfkit-0.15.2.tgz 0ms (cache hit)
2055 http cache nodemailer@https://registry.npmjs.org/nodemailer/-/nodemailer-6.10.1.tgz 0ms (cache hit)
2056 http cache multer@https://registry.npmjs.org/multer/-/multer-1.4.5-lts.2.tgz 0ms (cache hit)
2057 http cache node-cron@https://registry.npmjs.org/node-cron/-/node-cron-3.0.3.tgz 0ms (cache hit)
2058 http cache mongoose@https://registry.npmjs.org/mongoose/-/mongoose-8.24.4.tgz 0ms (cache hit)
2059 http cache helmet@https://registry.npmjs.org/helmet/-/helmet-7.2.0.tgz 0ms (cache hit)
2060 http cache googleapis@https://registry.npmjs.org/googleapis/-/googleapis-140.0.1.tgz 0ms (cache hit)
2061 http cache jsonwebtoken@https://registry.npmjs.org/jsonwebtoken/-/jsonwebtoken-9.0.3.tgz 0ms (cache hit)
2062 http cache file-type@https://registry.npmjs.org/file-type/-/file-type-19.6.0.tgz 0ms (cache hit)
2063 http cache express-validator@https://registry.npmjs.org/express-validator/-/express-validator-7.3.2.tgz 0ms (cache hit)
2064 http cache express-rate-limit@https://registry.npmjs.org/express-rate-limit/-/express-rate-limit-7.5.1.tgz 0ms (cache hit)
2065 http cache express@https://registry.npmjs.org/express/-/express-4.22.2.tgz 0ms (cache hit)
2066 http cache dotenv@https://registry.npmjs.org/dotenv/-/dotenv-16.6.1.tgz 0ms (cache hit)
2067 http cache express-mongo-sanitize@https://registry.npmjs.org/express-mongo-sanitize/-/express-mongo-sanitize-2.2.0.tgz 0ms (cache hit)
2068 http cache crypto@https://registry.npmjs.org/crypto/-/crypto-1.0.1.tgz 0ms (cache hit)
2069 http cache cors@https://registry.npmjs.org/cors/-/cors-2.8.6.tgz 0ms (cache hit)
2070 http cache cookie-parser@https://registry.npmjs.org/cookie-parser/-/cookie-parser-1.4.7.tgz 0ms (cache hit)
2071 http cache bcryptjs@https://registry.npmjs.org/bcryptjs/-/bcryptjs-2.4.3.tgz 0ms (cache hit)
2072 http cache cloudinary@https://registry.npmjs.org/cloudinary/-/cloudinary-2.11.0.tgz 0ms (cache hit)
2073 http cache axios@https://registry.npmjs.org/axios/-/axios-1.20.0.tgz 0ms (cache hit)
2074 http cache webidl-conversions@https://registry.npmjs.org/webidl-conversions/-/webidl-conversions-7.0.0.tgz 0ms (cache hit)
2075 http cache tr46@https://registry.npmjs.org/tr46/-/tr46-5.1.1.tgz 0ms (cache hit)
2076 http cache whatwg-url@https://registry.npmjs.org/whatwg-url/-/whatwg-url-14.2.0.tgz 0ms (cache hit)
2077 http cache color-name@https://registry.npmjs.org/color-name/-/color-name-2.1.1.tgz 0ms (cache hit)
2078 http cache color-string@https://registry.npmjs.org/color-string/-/color-string-2.1.4.tgz 0ms (cache hit)
2079 http cache color-convert@https://registry.npmjs.org/color-convert/-/color-convert-3.1.3.tgz 0ms (cache hit)
2080 http cache readable-stream@https://registry.npmjs.org/readable-stream/-/readable-stream-3.6.2.tgz 0ms (cache hit)
2081 http cache color@https://registry.npmjs.org/color/-/color-5.0.3.tgz 0ms (cache hit)
2082 http cache ms@https://registry.npmjs.org/ms/-/ms-2.1.3.tgz 0ms (cache hit)
2083 http cache safe-buffer@https://registry.npmjs.org/safe-buffer/-/safe-buffer-5.1.2.tgz 0ms (cache hit)
2084 http cache pako@https://registry.npmjs.org/pako/-/pako-0.2.9.tgz 0ms (cache hit)
2085 http cache base64-js@https://registry.npmjs.org/base64-js/-/base64-js-0.0.8.tgz 0ms (cache hit)
2086 http cache safe-buffer@https://registry.npmjs.org/safe-buffer/-/safe-buffer-5.1.2.tgz 0ms (cache hit)
2087 http cache ms@https://registry.npmjs.org/ms/-/ms-2.1.3.tgz 0ms (cache hit)
2088 http cache debug@https://registry.npmjs.org/debug/-/debug-4.4.3.tgz 0ms (cache hit)
2089 http cache isarray@https://registry.npmjs.org/isarray/-/isarray-1.0.0.tgz 0ms (cache hit)
2090 http cache debug@https://registry.npmjs.org/debug/-/debug-4.4.3.tgz 0ms (cache hit)
2091 http cache ms@https://registry.npmjs.org/ms/-/ms-2.1.3.tgz 0ms (cache hit)
2092 http cache ms@https://registry.npmjs.org/ms/-/ms-2.1.3.tgz 0ms (cache hit)
2093 http cache debug@https://registry.npmjs.org/debug/-/debug-4.4.3.tgz 0ms (cache hit)
2094 http cache is-stream@https://registry.npmjs.org/is-stream/-/is-stream-2.0.1.tgz 0ms (cache hit)
2095 http cache agent-base@https://registry.npmjs.org/agent-base/-/agent-base-7.1.4.tgz 0ms (cache hit)
2096 http cache ms@https://registry.npmjs.org/ms/-/ms-2.1.3.tgz 0ms (cache hit)
2097 http cache https-proxy-agent@https://registry.npmjs.org/https-proxy-agent/-/https-proxy-agent-7.0.6.tgz 0ms (cache hit)
2098 http cache ms@https://registry.npmjs.org/ms/-/ms-2.1.3.tgz 0ms (cache hit)
2099 http cache debug@https://registry.npmjs.org/debug/-/debug-4.4.3.tgz 0ms (cache hit)
2100 http cache is-stream@https://registry.npmjs.org/is-stream/-/is-stream-2.0.1.tgz 0ms (cache hit)
2101 http cache ms@https://registry.npmjs.org/ms/-/ms-2.1.3.tgz 0ms (cache hit)
2102 http cache debug@https://registry.npmjs.org/debug/-/debug-4.4.3.tgz 0ms (cache hit)
2103 http cache readable-stream@https://registry.npmjs.org/readable-stream/-/readable-stream-3.6.2.tgz 0ms (cache hit)
2104 http cache uuid@https://registry.npmjs.org/uuid/-/uuid-8.3.2.tgz 0ms (cache hit)
2105 http cache gaxios@https://registry.npmjs.org/gaxios/-/gaxios-5.1.3.tgz 0ms (cache hit)
2106 http cache is-stream@https://registry.npmjs.org/is-stream/-/is-stream-2.0.1.tgz 0ms (cache hit)
2107 http cache ms@https://registry.npmjs.org/ms/-/ms-2.1.3.tgz 0ms (cache hit)
2108 http cache gcp-metadata@https://registry.npmjs.org/gcp-metadata/-/gcp-metadata-5.3.0.tgz 0ms (cache hit)
2109 http cache ms@https://registry.npmjs.org/ms/-/ms-2.1.3.tgz 0ms (cache hit)
2110 http cache mongodb@https://registry.npmjs.org/mongodb/-/mongodb-6.20.0.tgz 0ms (cache hit)
2111 silly tarball no local data for memory-pager@https://registry.npmjs.org/memory-pager/-/memory-pager-1.5.0.tgz. Extracting by manifest.
2112 silly tarball no local data for punycode@https://registry.npmjs.org/punycode/-/punycode-2.3.1.tgz. Extracting by manifest.
2113 silly tarball no local data for @types/webidl-conversions@https://registry.npmjs.org/@types/webidl-conversions/-/webidl-conversions-7.0.3.tgz. Extracting by manifest.
2114 silly tarball no local data for sparse-bitfield@https://registry.npmjs.org/sparse-bitfield/-/sparse-bitfield-3.0.3.tgz. Extracting by manifest.
2115 silly tarball no local data for @types/whatwg-url@https://registry.npmjs.org/@types/whatwg-url/-/whatwg-url-11.0.5.tgz. Extracting by manifest.
2116 silly tarball no local data for mongodb-connection-string-url@https://registry.npmjs.org/mongodb-connection-string-url/-/mongodb-connection-string-url-3.0.2.tgz. Extracting by manifest.
2117 silly tarball no local data for fn.name@https://registry.npmjs.org/fn.name/-/fn.name-1.1.0.tgz. Extracting by manifest.
2118 silly tarball no local data for fecha@https://registry.npmjs.org/fecha/-/fecha-4.2.3.tgz. Extracting by manifest.
2119 silly tarball no local data for text-hex@https://registry.npmjs.org/text-hex/-/text-hex-1.0.0.tgz. Extracting by manifest.
2120 silly tarball no local data for @types/triple-beam@https://registry.npmjs.org/@types/triple-beam/-/triple-beam-1.3.5.tgz. Extracting by manifest.
2121 silly tarball no local data for @mongodb-js/saslprep@https://registry.npmjs.org/@mongodb-js/saslprep/-/saslprep-1.5.0.tgz. Extracting by manifest.
2122 silly tarball no local data for kuler@https://registry.npmjs.org/kuler/-/kuler-2.0.0.tgz. Extracting by manifest.
2123 silly tarball no local data for enabled@https://registry.npmjs.org/enabled/-/enabled-2.0.0.tgz. Extracting by manifest.
2124 silly tarball no local data for @so-ric/colorspace@https://registry.npmjs.org/@so-ric/colorspace/-/colorspace-1.1.6.tgz. Extracting by manifest.
2125 silly tarball no local data for winston-transport@https://registry.npmjs.org/winston-transport/-/winston-transport-4.9.0.tgz. Extracting by manifest.
2126 silly tarball no local data for stack-trace@https://registry.npmjs.org/stack-trace/-/stack-trace-0.0.10.tgz. Extracting by manifest.
2127 silly tarball no local data for safe-stable-stringify@https://registry.npmjs.org/safe-stable-stringify/-/safe-stable-stringify-2.5.0.tgz. Extracting by manifest.
2128 silly tarball no local data for triple-beam@https://registry.npmjs.org/triple-beam/-/triple-beam-1.4.1.tgz. Extracting by manifest.
2129 silly tarball no local data for one-time@https://registry.npmjs.org/one-time/-/one-time-1.0.0.tgz. Extracting by manifest.
2130 silly tarball no local data for async@https://registry.npmjs.org/async/-/async-3.2.6.tgz. Extracting by manifest.
2131 silly tarball no local data for logform@https://registry.npmjs.org/logform/-/logform-2.7.0.tgz. Extracting by manifest.
2132 silly tarball no local data for @dabh/diagnostics@https://registry.npmjs.org/@dabh/diagnostics/-/diagnostics-2.0.8.tgz. Extracting by manifest.
2133 silly tarball no local data for @colors/colors@https://registry.npmjs.org/@colors/colors/-/colors-1.6.0.tgz. Extracting by manifest.
2134 silly tarball no local data for possible-typed-array-names@https://registry.npmjs.org/possible-typed-array-names/-/possible-typed-array-names-1.1.0.tgz. Extracting by manifest.
2135 silly tarball no local data for is-callable@https://registry.npmjs.org/is-callable/-/is-callable-1.2.7.tgz. Extracting by manifest.
2136 silly tarball no local data for for-each@https://registry.npmjs.org/for-each/-/for-each-0.3.5.tgz. Extracting by manifest.
2137 silly tarball no local data for available-typed-arrays@https://registry.npmjs.org/available-typed-arrays/-/available-typed-arrays-1.0.7.tgz. Extracting by manifest.
2138 silly tarball no local data for is-weakset@https://registry.npmjs.org/is-weakset/-/is-weakset-2.0.4.tgz. Extracting by manifest.
2139 silly tarball no local data for is-weakmap@https://registry.npmjs.org/is-weakmap/-/is-weakmap-2.0.2.tgz. Extracting by manifest.
2140 silly tarball no local data for safe-regex-test@https://registry.npmjs.org/safe-regex-test/-/safe-regex-test-1.1.0.tgz. Extracting by manifest.
2141 silly tarball no local data for has-bigints@https://registry.npmjs.org/has-bigints/-/has-bigints-1.1.0.tgz. Extracting by manifest.
2142 silly tarball no local data for is-symbol@https://registry.npmjs.org/is-symbol/-/is-symbol-1.1.1.tgz. Extracting by manifest.
2143 silly tarball no local data for is-number-object@https://registry.npmjs.org/is-number-object/-/is-number-object-1.1.1.tgz. Extracting by manifest.
2144 silly tarball no local data for is-boolean-object@https://registry.npmjs.org/is-boolean-object/-/is-boolean-object-1.2.2.tgz. Extracting by manifest.
2145 silly tarball no local data for tr46@https://registry.npmjs.org/tr46/-/tr46-0.0.3.tgz. Extracting by manifest.
2146 silly tarball no local data for webidl-conversions@https://registry.npmjs.org/webidl-conversions/-/webidl-conversions-3.0.1.tgz. Extracting by manifest.
2147 silly tarball no local data for media-typer@https://registry.npmjs.org/media-typer/-/media-typer-0.3.0.tgz. Extracting by manifest.
2148 silly tarball no local data for is-bigint@https://registry.npmjs.org/is-bigint/-/is-bigint-1.1.0.tgz. Extracting by manifest.
2149 silly tarball no local data for @borewit/text-codec@https://registry.npmjs.org/@borewit/text-codec/-/text-codec-0.2.2.tgz. Extracting by manifest.
2150 silly tarball no local data for is-number@https://registry.npmjs.org/is-number/-/is-number-7.0.0.tgz. Extracting by manifest.
2151 silly tarball no local data for has-flag@https://registry.npmjs.org/has-flag/-/has-flag-3.0.0.tgz. Extracting by manifest.
2152 silly tarball no local data for peek-readable@https://registry.npmjs.org/peek-readable/-/peek-readable-5.4.2.tgz. Extracting by manifest.
2153 silly tarball no local data for @tokenizer/token@https://registry.npmjs.org/@tokenizer/token/-/token-0.3.0.tgz. Extracting by manifest.
2154 silly tarball no local data for internal-slot@https://registry.npmjs.org/internal-slot/-/internal-slot-1.1.0.tgz. Extracting by manifest.
2155 silly tarball no local data for ieee754@https://registry.npmjs.org/ieee754/-/ieee754-1.2.1.tgz. Extracting by manifest.
2156 silly tarball no local data for is-arrayish@https://registry.npmjs.org/is-arrayish/-/is-arrayish-0.3.4.tgz. Extracting by manifest.
2157 silly tarball no local data for side-channel-map@https://registry.npmjs.org/side-channel-map/-/side-channel-map-1.0.1.tgz. Extracting by manifest.
2158 silly tarball no local data for side-channel-weakmap@https://registry.npmjs.org/side-channel-weakmap/-/side-channel-weakmap-1.0.2.tgz. Extracting by manifest.
2159 silly tarball no local data for side-channel-list@https://registry.npmjs.org/side-channel-list/-/side-channel-list-1.0.1.tgz. Extracting by manifest.
2160 silly tarball no local data for object-inspect@https://registry.npmjs.org/object-inspect/-/object-inspect-1.13.4.tgz. Extracting by manifest.
2161 silly tarball no local data for color-name@https://registry.npmjs.org/color-name/-/color-name-1.1.4.tgz. Extracting by manifest.
2162 silly tarball no local data for color-convert@https://registry.npmjs.org/color-convert/-/color-convert-2.0.1.tgz. Extracting by manifest.
2163 silly tarball no local data for simple-swizzle@https://registry.npmjs.org/simple-swizzle/-/simple-swizzle-0.2.4.tgz. Extracting by manifest.
2164 silly tarball no local data for color-string@https://registry.npmjs.org/color-string/-/color-string-1.9.1.tgz. Extracting by manifest.
2165 silly tarball no local data for detect-libc@https://registry.npmjs.org/detect-libc/-/detect-libc-2.1.2.tgz. Extracting by manifest.
2166 silly tarball no local data for color@https://registry.npmjs.org/color/-/color-4.2.3.tgz. Extracting by manifest.
2167 silly tarball no local data for @img/sharp-libvips-darwin-x64@https://registry.npmjs.org/@img/sharp-libvips-darwin-x64/-/sharp-libvips-darwin-x64-1.0.4.tgz. Extracting by manifest.
2168 silly tarball no local data for functions-have-names@https://registry.npmjs.org/functions-have-names/-/functions-have-names-1.2.3.tgz. Extracting by manifest.
2169 silly tarball no local data for @img/sharp-darwin-x64@https://registry.npmjs.org/@img/sharp-darwin-x64/-/sharp-darwin-x64-0.33.5.tgz. Extracting by manifest.
2170 silly tarball no local data for mime@https://registry.npmjs.org/mime/-/mime-1.6.0.tgz. Extracting by manifest.
2171 silly tarball no local data for set-function-name@https://registry.npmjs.org/set-function-name/-/set-function-name-2.0.2.tgz. Extracting by manifest.
2172 silly tarball no local data for util-deprecate@https://registry.npmjs.org/util-deprecate/-/util-deprecate-1.0.2.tgz. Extracting by manifest.
2173 silly tarball no local data for string_decoder@https://registry.npmjs.org/string_decoder/-/string_decoder-1.1.1.tgz. Extracting by manifest.
2174 silly tarball no local data for process-nextick-args@https://registry.npmjs.org/process-nextick-args/-/process-nextick-args-2.0.1.tgz. Extracting by manifest.
2175 silly tarball no local data for core-util-is@https://registry.npmjs.org/core-util-is/-/core-util-is-1.0.3.tgz. Extracting by manifest.
2176 silly tarball no local data for forwarded@https://registry.npmjs.org/forwarded/-/forwarded-0.2.0.tgz. Extracting by manifest.
2177 silly tarball no local data for ipaddr.js@https://registry.npmjs.org/ipaddr.js/-/ipaddr.js-1.9.1.tgz. Extracting by manifest.
2178 silly tarball no local data for pako@https://registry.npmjs.org/pako/-/pako-1.0.11.tgz. Extracting by manifest.
2179 silly tarball no local data for browserify-zlib@https://registry.npmjs.org/browserify-zlib/-/browserify-zlib-0.2.0.tgz. Extracting by manifest.
2180 silly tarball no local data for has-property-descriptors@https://registry.npmjs.org/has-property-descriptors/-/has-property-descriptors-1.0.2.tgz. Extracting by manifest.
2181 silly tarball no local data for define-data-property@https://registry.npmjs.org/define-data-property/-/define-data-property-1.1.4.tgz. Extracting by manifest.
2182 silly tarball no local data for stop-iteration-iterator@https://registry.npmjs.org/stop-iteration-iterator/-/stop-iteration-iterator-1.1.0.tgz. Extracting by manifest.
2183 silly tarball no local data for define-properties@https://registry.npmjs.org/define-properties/-/define-properties-1.2.1.tgz. Extracting by manifest.
2184 silly tarball no local data for is-string@https://registry.npmjs.org/is-string/-/is-string-1.1.1.tgz. Extracting by manifest.
2185 silly tarball no local data for is-set@https://registry.npmjs.org/is-set/-/is-set-2.0.3.tgz. Extracting by manifest.
2186 silly tarball no local data for is-map@https://registry.npmjs.org/is-map/-/is-map-2.0.3.tgz. Extracting by manifest.
2187 silly tarball no local data for set-function-length@https://registry.npmjs.org/set-function-length/-/set-function-length-1.2.2.tgz. Extracting by manifest.
2188 silly tarball no local data for call-bound@https://registry.npmjs.org/call-bound/-/call-bound-1.0.4.tgz. Extracting by manifest.
2189 silly tarball no local data for which-collection@https://registry.npmjs.org/which-collection/-/which-collection-1.0.2.tgz. Extracting by manifest.
2190 silly tarball no local data for which-boxed-primitive@https://registry.npmjs.org/which-boxed-primitive/-/which-boxed-primitive-1.1.1.tgz. Extracting by manifest.
2191 silly tarball no local data for which-typed-array@https://registry.npmjs.org/which-typed-array/-/which-typed-array-1.1.22.tgz. Extracting by manifest.
2192 silly tarball no local data for regexp.prototype.flags@https://registry.npmjs.org/regexp.prototype.flags/-/regexp.prototype.flags-1.5.4.tgz. Extracting by manifest.
2193 silly tarball no local data for side-channel@https://registry.npmjs.org/side-channel/-/side-channel-1.1.1.tgz. Extracting by manifest.
2194 silly tarball no local data for object.assign@https://registry.npmjs.org/object.assign/-/object.assign-4.1.7.tgz. Extracting by manifest.
2195 silly tarball no local data for object-keys@https://registry.npmjs.org/object-keys/-/object-keys-1.1.1.tgz. Extracting by manifest.
2196 silly tarball no local data for isarray@https://registry.npmjs.org/isarray/-/isarray-2.0.5.tgz. Extracting by manifest.
2197 silly tarball no local data for is-regex@https://registry.npmjs.org/is-regex/-/is-regex-1.2.1.tgz. Extracting by manifest.
2198 silly tarball no local data for is-date-object@https://registry.npmjs.org/is-date-object/-/is-date-object-1.1.0.tgz. Extracting by manifest.
2199 silly tarball no local data for is-shared-array-buffer@https://registry.npmjs.org/is-shared-array-buffer/-/is-shared-array-buffer-1.0.4.tgz. Extracting by manifest.
2200 silly tarball no local data for is-array-buffer@https://registry.npmjs.org/is-array-buffer/-/is-array-buffer-3.0.5.tgz. Extracting by manifest.
2201 silly tarball no local data for object-is@https://registry.npmjs.org/object-is/-/object-is-1.1.6.tgz. Extracting by manifest.
2202 silly tarball no local data for is-arguments@https://registry.npmjs.org/is-arguments/-/is-arguments-1.2.0.tgz. Extracting by manifest.
2203 silly tarball no local data for call-bind@https://registry.npmjs.org/call-bind/-/call-bind-1.0.9.tgz. Extracting by manifest.
2204 silly tarball no local data for es-get-iterator@https://registry.npmjs.org/es-get-iterator/-/es-get-iterator-1.1.3.tgz. Extracting by manifest.
2205 silly tarball no local data for array-buffer-byte-length@https://registry.npmjs.org/array-buffer-byte-length/-/array-buffer-byte-length-1.0.2.tgz. Extracting by manifest.
2206 silly tarball no local data for unicode-trie@https://registry.npmjs.org/unicode-trie/-/unicode-trie-2.0.0.tgz. Extracting by manifest.
2207 silly tarball no local data for tslib@https://registry.npmjs.org/tslib/-/tslib-2.8.1.tgz. Extracting by manifest.
2208 silly tarball no local data for unicode-properties@https://registry.npmjs.org/unicode-properties/-/unicode-properties-1.4.1.tgz. Extracting by manifest.
2209 silly tarball no local data for tiny-inflate@https://registry.npmjs.org/tiny-inflate/-/tiny-inflate-1.0.3.tgz. Extracting by manifest.
2210 silly tarball no local data for dfa@https://registry.npmjs.org/dfa/-/dfa-1.2.0.tgz. Extracting by manifest.
2211 silly tarball no local data for restructure@https://registry.npmjs.org/restructure/-/restructure-2.0.1.tgz. Extracting by manifest.
2212 silly tarball no local data for deep-equal@https://registry.npmjs.org/deep-equal/-/deep-equal-2.2.3.tgz. Extracting by manifest.
2213 silly tarball no local data for clone@https://registry.npmjs.org/clone/-/clone-2.1.2.tgz. Extracting by manifest.
2214 silly tarball no local data for brotli@https://registry.npmjs.org/brotli/-/brotli-1.3.3.tgz. Extracting by manifest.
2215 silly tarball no local data for @swc/helpers@https://registry.npmjs.org/@swc/helpers/-/helpers-0.3.17.tgz. Extracting by manifest.
2216 silly tarball no local data for png-js@https://registry.npmjs.org/png-js/-/png-js-1.1.0.tgz. Extracting by manifest.
2217 silly tarball no local data for crypto-js@https://registry.npmjs.org/crypto-js/-/crypto-js-4.2.0.tgz. Extracting by manifest.
2218 silly tarball no local data for fontkit@https://registry.npmjs.org/fontkit/-/fontkit-1.9.0.tgz. Extracting by manifest.
2219 silly tarball no local data for jpeg-exif@https://registry.npmjs.org/jpeg-exif/-/jpeg-exif-1.1.4.tgz. Extracting by manifest.
2220 silly tarball no local data for linebreak@https://registry.npmjs.org/linebreak/-/linebreak-1.1.0.tgz. Extracting by manifest.
2221 silly tarball no local data for ee-first@https://registry.npmjs.org/ee-first/-/ee-first-1.1.1.tgz. Extracting by manifest.
2222 silly tarball no local data for balanced-match@https://registry.npmjs.org/balanced-match/-/balanced-match-4.0.4.tgz. Extracting by manifest.
2223 silly tarball no local data for brace-expansion@https://registry.npmjs.org/brace-expansion/-/brace-expansion-5.0.9.tgz. Extracting by manifest.
2224 silly tarball no local data for is-extglob@https://registry.npmjs.org/is-extglob/-/is-extglob-2.1.1.tgz. Extracting by manifest.
2225 silly tarball no local data for to-regex-range@https://registry.npmjs.org/to-regex-range/-/to-regex-range-5.0.1.tgz. Extracting by manifest.
2226 silly tarball no local data for fill-range@https://registry.npmjs.org/fill-range/-/fill-range-7.1.1.tgz. Extracting by manifest.
2227 silly tarball no local data for binary-extensions@https://registry.npmjs.org/binary-extensions/-/binary-extensions-2.3.0.tgz. Extracting by manifest.
2228 silly tarball no local data for readdirp@https://registry.npmjs.org/readdirp/-/readdirp-3.6.0.tgz. Extracting by manifest.
2229 silly tarball no local data for normalize-path@https://registry.npmjs.org/normalize-path/-/normalize-path-3.0.0.tgz. Extracting by manifest.
2230 silly tarball no local data for picomatch@https://registry.npmjs.org/picomatch/-/picomatch-2.3.2.tgz. Extracting by manifest.
2231 silly tarball no local data for is-glob@https://registry.npmjs.org/is-glob/-/is-glob-4.0.3.tgz. Extracting by manifest.
2232 silly tarball no local data for glob-parent@https://registry.npmjs.org/glob-parent/-/glob-parent-5.1.2.tgz. Extracting by manifest.
2233 silly tarball no local data for is-binary-path@https://registry.npmjs.org/is-binary-path/-/is-binary-path-2.1.0.tgz. Extracting by manifest.
2234 silly tarball no local data for fsevents@https://registry.npmjs.org/fsevents/-/fsevents-2.3.3.tgz. Extracting by manifest.
2235 silly tarball no local data for braces@https://registry.npmjs.org/braces/-/braces-3.0.3.tgz. Extracting by manifest.
2236 silly tarball no local data for anymatch@https://registry.npmjs.org/anymatch/-/anymatch-3.1.3.tgz. Extracting by manifest.
2237 silly tarball no local data for undefsafe@https://registry.npmjs.org/undefsafe/-/undefsafe-2.0.5.tgz. Extracting by manifest.
2238 silly tarball no local data for touch@https://registry.npmjs.org/touch/-/touch-3.1.1.tgz. Extracting by manifest.
2239 silly tarball no local data for supports-color@https://registry.npmjs.org/supports-color/-/supports-color-5.5.0.tgz. Extracting by manifest.
2240 silly tarball no local data for simple-update-notifier@https://registry.npmjs.org/simple-update-notifier/-/simple-update-notifier-2.0.0.tgz. Extracting by manifest.
2241 silly tarball no local data for pstree.remy@https://registry.npmjs.org/pstree.remy/-/pstree.remy-1.1.8.tgz. Extracting by manifest.
2242 silly tarball no local data for minimatch@https://registry.npmjs.org/minimatch/-/minimatch-10.2.6.tgz. Extracting by manifest.
2243 silly tarball no local data for ignore-by-default@https://registry.npmjs.org/ignore-by-default/-/ignore-by-default-1.0.1.tgz. Extracting by manifest.
2244 silly tarball no local data for chokidar@https://registry.npmjs.org/chokidar/-/chokidar-3.6.0.tgz. Extracting by manifest.
2245 silly tarball no local data for whatwg-url@https://registry.npmjs.org/whatwg-url/-/whatwg-url-5.0.0.tgz. Extracting by manifest.
2246 silly tarball no local data for minimist@https://registry.npmjs.org/minimist/-/minimist-1.2.8.tgz. Extracting by manifest.
2247 silly tarball no local data for typedarray@https://registry.npmjs.org/typedarray/-/typedarray-0.0.6.tgz. Extracting by manifest.
2248 silly tarball no local data for buffer-from@https://registry.npmjs.org/buffer-from/-/buffer-from-1.1.2.tgz. Extracting by manifest.
2249 silly tarball no local data for readable-stream@https://registry.npmjs.org/readable-stream/-/readable-stream-2.3.8.tgz. Extracting by manifest.
2250 silly tarball no local data for mkdirp@https://registry.npmjs.org/mkdirp/-/mkdirp-0.5.6.tgz. Extracting by manifest.
2251 silly tarball no local data for xtend@https://registry.npmjs.org/xtend/-/xtend-4.0.2.tgz. Extracting by manifest.
2252 silly tarball no local data for streamsearch@https://registry.npmjs.org/streamsearch/-/streamsearch-1.1.0.tgz. Extracting by manifest.
2253 silly tarball no local data for busboy@https://registry.npmjs.org/busboy/-/busboy-1.6.0.tgz. Extracting by manifest.
2254 silly tarball no local data for append-field@https://registry.npmjs.org/append-field/-/append-field-1.0.0.tgz. Extracting by manifest.
2255 silly tarball no local data for concat-stream@https://registry.npmjs.org/concat-stream/-/concat-stream-1.6.2.tgz. Extracting by manifest.
2256 silly tarball no local data for mquery@https://registry.npmjs.org/mquery/-/mquery-5.0.0.tgz. Extracting by manifest.
2257 silly tarball no local data for mpath@https://registry.npmjs.org/mpath/-/mpath-0.9.0.tgz. Extracting by manifest.
2258 silly tarball no local data for kareem@https://registry.npmjs.org/kareem/-/kareem-2.6.3.tgz. Extracting by manifest.
2259 silly tarball no local data for mime-db@https://registry.npmjs.org/mime-db/-/mime-db-1.52.0.tgz. Extracting by manifest.
2260 silly tarball no local data for sift@https://registry.npmjs.org/sift/-/sift-17.1.3.tgz. Extracting by manifest.
2261 silly tarball no local data for bson@https://registry.npmjs.org/bson/-/bson-6.10.4.tgz. Extracting by manifest.
2262 silly tarball no local data for buffer-equal-constant-time@https://registry.npmjs.org/buffer-equal-constant-time/-/buffer-equal-constant-time-1.0.1.tgz. Extracting by manifest.
2263 silly tarball no local data for semver@https://registry.npmjs.org/semver/-/semver-7.8.5.tgz. Extracting by manifest.
2264 silly tarball no local data for jwa@https://registry.npmjs.org/jwa/-/jwa-2.0.1.tgz. Extracting by manifest.
2265 silly tarball no local data for lodash.once@https://registry.npmjs.org/lodash.once/-/lodash.once-4.1.1.tgz. Extracting by manifest.
2266 silly tarball no local data for lodash.isstring@https://registry.npmjs.org/lodash.isstring/-/lodash.isstring-4.0.1.tgz. Extracting by manifest.
2267 silly tarball no local data for lodash.isplainobject@https://registry.npmjs.org/lodash.isplainobject/-/lodash.isplainobject-4.0.6.tgz. Extracting by manifest.
2268 silly tarball no local data for lodash.isinteger@https://registry.npmjs.org/lodash.isinteger/-/lodash.isinteger-4.0.4.tgz. Extracting by manifest.
2269 silly tarball no local data for lodash.isboolean@https://registry.npmjs.org/lodash.isboolean/-/lodash.isboolean-3.0.3.tgz. Extracting by manifest.
2270 silly tarball no local data for lodash.includes@https://registry.npmjs.org/lodash.includes/-/lodash.includes-4.3.0.tgz. Extracting by manifest.
2271 silly tarball no local data for lodash.isnumber@https://registry.npmjs.org/lodash.isnumber/-/lodash.isnumber-3.0.3.tgz. Extracting by manifest.
2272 silly tarball no local data for bignumber.js@https://registry.npmjs.org/bignumber.js/-/bignumber.js-9.3.1.tgz. Extracting by manifest.
2273 silly tarball no local data for safer-buffer@https://registry.npmjs.org/safer-buffer/-/safer-buffer-2.1.2.tgz. Extracting by manifest.
2274 silly tarball no local data for agent-base@https://registry.npmjs.org/agent-base/-/agent-base-6.0.2.tgz. Extracting by manifest.
2275 silly tarball no local data for toidentifier@https://registry.npmjs.org/toidentifier/-/toidentifier-1.0.1.tgz. Extracting by manifest.
2276 silly tarball no local data for inherits@https://registry.npmjs.org/inherits/-/inherits-2.0.4.tgz. Extracting by manifest.
2277 silly tarball no local data for url-template@https://registry.npmjs.org/url-template/-/url-template-2.0.8.tgz. Extracting by manifest.
2278 silly tarball no local data for google-logging-utils@https://registry.npmjs.org/google-logging-utils/-/google-logging-utils-0.0.2.tgz. Extracting by manifest.
2279 silly tarball no local data for node-fetch@https://registry.npmjs.org/node-fetch/-/node-fetch-2.7.0.tgz. Extracting by manifest.
2280 silly tarball no local data for json-bigint@https://registry.npmjs.org/json-bigint/-/json-bigint-1.0.0.tgz. Extracting by manifest.
2281 silly tarball no local data for extend@https://registry.npmjs.org/extend/-/extend-3.0.2.tgz. Extracting by manifest.
2282 silly tarball no local data for gtoken@https://registry.npmjs.org/gtoken/-/gtoken-7.1.0.tgz. Extracting by manifest.
2283 silly tarball no local data for gcp-metadata@https://registry.npmjs.org/gcp-metadata/-/gcp-metadata-6.1.1.tgz. Extracting by manifest.
2284 silly tarball no local data for ecdsa-sig-formatter@https://registry.npmjs.org/ecdsa-sig-formatter/-/ecdsa-sig-formatter-1.0.11.tgz. Extracting by manifest.
2285 silly tarball no local data for gaxios@https://registry.npmjs.org/gaxios/-/gaxios-6.7.1.tgz. Extracting by manifest.
2286 silly tarball no local data for jws@https://registry.npmjs.org/jws/-/jws-4.0.1.tgz. Extracting by manifest.
2287 silly tarball no local data for googleapis-common@https://registry.npmjs.org/googleapis-common/-/googleapis-common-7.2.0.tgz. Extracting by manifest.
2288 silly tarball no local data for base64-js@https://registry.npmjs.org/base64-js/-/base64-js-1.5.1.tgz. Extracting by manifest.
2289 silly tarball no local data for google-auth-library@https://registry.npmjs.org/google-auth-library/-/google-auth-library-9.15.1.tgz. Extracting by manifest.
2290 silly tarball no local data for is-stream@https://registry.npmjs.org/is-stream/-/is-stream-4.0.1.tgz. Extracting by manifest.
2291 silly tarball no local data for math-intrinsics@https://registry.npmjs.org/math-intrinsics/-/math-intrinsics-1.1.0.tgz. Extracting by manifest.
2292 silly tarball no local data for has-symbols@https://registry.npmjs.org/has-symbols/-/has-symbols-1.1.0.tgz. Extracting by manifest.
2293 silly tarball no local data for dunder-proto@https://registry.npmjs.org/dunder-proto/-/dunder-proto-1.0.1.tgz. Extracting by manifest.
2294 silly tarball no local data for gopd@https://registry.npmjs.org/gopd/-/gopd-1.2.0.tgz. Extracting by manifest.
2295 silly tarball no local data for get-proto@https://registry.npmjs.org/get-proto/-/get-proto-1.0.1.tgz. Extracting by manifest.
2296 silly tarball no local data for @sec-ant/readable-stream@https://registry.npmjs.org/@sec-ant/readable-stream/-/readable-stream-0.4.1.tgz. Extracting by manifest.
2297 silly tarball no local data for function-bind@https://registry.npmjs.org/function-bind/-/function-bind-1.1.2.tgz. Extracting by manifest.
2298 silly tarball no local data for es-object-atoms@https://registry.npmjs.org/es-object-atoms/-/es-object-atoms-1.1.2.tgz. Extracting by manifest.
2299 silly tarball no local data for es-define-property@https://registry.npmjs.org/es-define-property/-/es-define-property-1.0.1.tgz. Extracting by manifest.
2300 silly tarball no local data for call-bind-apply-helpers@https://registry.npmjs.org/call-bind-apply-helpers/-/call-bind-apply-helpers-1.0.2.tgz. Extracting by manifest.
2301 silly tarball no local data for get-intrinsic@https://registry.npmjs.org/get-intrinsic/-/get-intrinsic-1.3.0.tgz. Extracting by manifest.
2302 silly tarball no local data for es-errors@https://registry.npmjs.org/es-errors/-/es-errors-1.3.0.tgz. Extracting by manifest.
2303 silly tarball no local data for has-tostringtag@https://registry.npmjs.org/has-tostringtag/-/has-tostringtag-1.0.2.tgz. Extracting by manifest.
2304 silly tarball no local data for delayed-stream@https://registry.npmjs.org/delayed-stream/-/delayed-stream-1.0.0.tgz. Extracting by manifest.
2305 silly tarball no local data for es-set-tostringtag@https://registry.npmjs.org/es-set-tostringtag/-/es-set-tostringtag-2.1.0.tgz. Extracting by manifest.
2306 silly tarball no local data for hasown@https://registry.npmjs.org/hasown/-/hasown-2.0.4.tgz. Extracting by manifest.
2307 silly tarball no local data for asynckit@https://registry.npmjs.org/asynckit/-/asynckit-0.4.0.tgz. Extracting by manifest.
2308 silly tarball no local data for combined-stream@https://registry.npmjs.org/combined-stream/-/combined-stream-1.0.8.tgz. Extracting by manifest.
2309 silly tarball no local data for token-types@https://registry.npmjs.org/token-types/-/token-types-6.1.2.tgz. Extracting by manifest.
2310 silly tarball no local data for uint8array-extras@https://registry.npmjs.org/uint8array-extras/-/uint8array-extras-1.5.0.tgz. Extracting by manifest.
2311 silly tarball no local data for get-stream@https://registry.npmjs.org/get-stream/-/get-stream-9.0.1.tgz. Extracting by manifest.
2312 silly tarball no local data for validator@https://registry.npmjs.org/validator/-/validator-13.15.35.tgz. Extracting by manifest.
2313 silly tarball no local data for unpipe@https://registry.npmjs.org/unpipe/-/unpipe-1.0.0.tgz. Extracting by manifest.
2314 silly tarball no local data for strtok3@https://registry.npmjs.org/strtok3/-/strtok3-9.1.1.tgz. Extracting by manifest.
2315 silly tarball no local data for raw-body@https://registry.npmjs.org/raw-body/-/raw-body-2.5.3.tgz. Extracting by manifest.
2316 silly tarball no local data for ms@https://registry.npmjs.org/ms/-/ms-2.0.0.tgz. Extracting by manifest.
2317 silly tarball no local data for iconv-lite@https://registry.npmjs.org/iconv-lite/-/iconv-lite-0.4.24.tgz. Extracting by manifest.
2318 silly tarball no local data for bytes@https://registry.npmjs.org/bytes/-/bytes-3.1.2.tgz. Extracting by manifest.
2319 silly tarball no local data for destroy@https://registry.npmjs.org/destroy/-/destroy-1.2.0.tgz. Extracting by manifest.
2320 silly tarball no local data for negotiator@https://registry.npmjs.org/negotiator/-/negotiator-0.6.3.tgz. Extracting by manifest.
2321 silly tarball no local data for mime-types@https://registry.npmjs.org/mime-types/-/mime-types-2.1.35.tgz. Extracting by manifest.
2322 silly tarball no local data for type-is@https://registry.npmjs.org/type-is/-/type-is-1.6.18.tgz. Extracting by manifest.
2323 silly tarball no local data for utils-merge@https://registry.npmjs.org/utils-merge/-/utils-merge-1.0.1.tgz. Extracting by manifest.
2324 silly tarball no local data for statuses@https://registry.npmjs.org/statuses/-/statuses-2.0.2.tgz. Extracting by manifest.
2325 silly tarball no local data for setprototypeof@https://registry.npmjs.org/setprototypeof/-/setprototypeof-1.2.0.tgz. Extracting by manifest.
2326 silly tarball no local data for send@https://registry.npmjs.org/send/-/send-0.19.2.tgz. Extracting by manifest.
2327 silly tarball no local data for safe-buffer@https://registry.npmjs.org/safe-buffer/-/safe-buffer-5.2.1.tgz. Extracting by manifest.
2328 silly tarball no local data for serve-static@https://registry.npmjs.org/serve-static/-/serve-static-1.16.3.tgz. Extracting by manifest.
2329 silly tarball no local data for qs@https://registry.npmjs.org/qs/-/qs-6.15.3.tgz. Extracting by manifest.
2330 silly tarball no local data for range-parser@https://registry.npmjs.org/range-parser/-/range-parser-1.2.1.tgz. Extracting by manifest.
2331 silly tarball no local data for proxy-addr@https://registry.npmjs.org/proxy-addr/-/proxy-addr-2.0.7.tgz. Extracting by manifest.
2332 silly tarball no local data for path-to-regexp@https://registry.npmjs.org/path-to-regexp/-/path-to-regexp-0.1.13.tgz. Extracting by manifest.
2333 silly tarball no local data for parseurl@https://registry.npmjs.org/parseurl/-/parseurl-1.3.3.tgz. Extracting by manifest.
2334 silly tarball no local data for on-finished@https://registry.npmjs.org/on-finished/-/on-finished-2.4.1.tgz. Extracting by manifest.
2335 silly tarball no local data for merge-descriptors@https://registry.npmjs.org/merge-descriptors/-/merge-descriptors-1.0.3.tgz. Extracting by manifest.
2336 silly tarball no local data for methods@https://registry.npmjs.org/methods/-/methods-1.1.2.tgz. Extracting by manifest.
2337 silly tarball no local data for fresh@https://registry.npmjs.org/fresh/-/fresh-0.5.2.tgz. Extracting by manifest.
2338 silly tarball no local data for finalhandler@https://registry.npmjs.org/finalhandler/-/finalhandler-1.3.2.tgz. Extracting by manifest.
2339 silly tarball no local data for http-errors@https://registry.npmjs.org/http-errors/-/http-errors-2.0.1.tgz. Extracting by manifest.
2340 silly tarball no local data for escape-html@https://registry.npmjs.org/escape-html/-/escape-html-1.0.3.tgz. Extracting by manifest.
2341 silly tarball no local data for etag@https://registry.npmjs.org/etag/-/etag-1.8.1.tgz. Extracting by manifest.
2342 silly tarball no local data for encodeurl@https://registry.npmjs.org/encodeurl/-/encodeurl-2.0.0.tgz. Extracting by manifest.
2343 silly tarball no local data for depd@https://registry.npmjs.org/depd/-/depd-2.0.0.tgz. Extracting by manifest.
2344 silly tarball no local data for debug@https://registry.npmjs.org/debug/-/debug-2.6.9.tgz. Extracting by manifest.
2345 silly tarball no local data for content-type@https://registry.npmjs.org/content-type/-/content-type-1.0.5.tgz. Extracting by manifest.
2346 silly tarball no local data for body-parser@https://registry.npmjs.org/body-parser/-/body-parser-1.20.6.tgz. Extracting by manifest.
2347 silly tarball no local data for content-disposition@https://registry.npmjs.org/content-disposition/-/content-disposition-0.5.4.tgz. Extracting by manifest.
2348 silly tarball no local data for accepts@https://registry.npmjs.org/accepts/-/accepts-1.3.8.tgz. Extracting by manifest.
2349 silly tarball no local data for vary@https://registry.npmjs.org/vary/-/vary-1.1.2.tgz. Extracting by manifest.
2350 silly tarball no local data for object-assign@https://registry.npmjs.org/object-assign/-/object-assign-4.1.1.tgz. Extracting by manifest.
2351 silly tarball no local data for array-flatten@https://registry.npmjs.org/array-flatten/-/array-flatten-1.1.1.tgz. Extracting by manifest.
2352 silly tarball no local data for cookie-signature@https://registry.npmjs.org/cookie-signature/-/cookie-signature-1.0.6.tgz. Extracting by manifest.
2353 silly tarball no local data for proxy-from-env@https://registry.npmjs.org/proxy-from-env/-/proxy-from-env-2.1.0.tgz. Extracting by manifest.
2354 silly tarball no local data for cookie@https://registry.npmjs.org/cookie/-/cookie-0.7.2.tgz. Extracting by manifest.
2355 silly tarball no local data for lodash@https://registry.npmjs.org/lodash/-/lodash-4.18.1.tgz. Extracting by manifest.
2356 silly tarball no local data for https-proxy-agent@https://registry.npmjs.org/https-proxy-agent/-/https-proxy-agent-5.0.1.tgz. Extracting by manifest.
2357 silly tarball no local data for form-data@https://registry.npmjs.org/form-data/-/form-data-4.0.6.tgz. Extracting by manifest.
2358 silly tarball no local data for follow-redirects@https://registry.npmjs.org/follow-redirects/-/follow-redirects-1.16.0.tgz. Extracting by manifest.
2359 silly tarball no local data for uuid@https://registry.npmjs.org/uuid/-/uuid-9.0.1.tgz. Extracting by manifest.
2360 silly tarball no local data for sharp@https://registry.npmjs.org/sharp/-/sharp-0.33.5.tgz. Extracting by manifest.
2361 silly tarball no local data for winston@https://registry.npmjs.org/winston/-/winston-3.19.0.tgz. Extracting by manifest.
2362 silly tarball no local data for nodemon@https://registry.npmjs.org/nodemon/-/nodemon-3.1.14.tgz. Extracting by manifest.
2363 silly tarball no local data for pdfkit@https://registry.npmjs.org/pdfkit/-/pdfkit-0.15.2.tgz. Extracting by manifest.
2364 silly tarball no local data for nodemailer@https://registry.npmjs.org/nodemailer/-/nodemailer-6.10.1.tgz. Extracting by manifest.
2365 silly tarball no local data for multer@https://registry.npmjs.org/multer/-/multer-1.4.5-lts.2.tgz. Extracting by manifest.
2366 silly tarball no local data for node-cron@https://registry.npmjs.org/node-cron/-/node-cron-3.0.3.tgz. Extracting by manifest.
2367 silly tarball no local data for mongoose@https://registry.npmjs.org/mongoose/-/mongoose-8.24.4.tgz. Extracting by manifest.
2368 silly tarball no local data for helmet@https://registry.npmjs.org/helmet/-/helmet-7.2.0.tgz. Extracting by manifest.
2369 silly tarball no local data for googleapis@https://registry.npmjs.org/googleapis/-/googleapis-140.0.1.tgz. Extracting by manifest.
2370 silly tarball no local data for jsonwebtoken@https://registry.npmjs.org/jsonwebtoken/-/jsonwebtoken-9.0.3.tgz. Extracting by manifest.
2371 silly tarball no local data for file-type@https://registry.npmjs.org/file-type/-/file-type-19.6.0.tgz. Extracting by manifest.
2372 silly tarball no local data for express-validator@https://registry.npmjs.org/express-validator/-/express-validator-7.3.2.tgz. Extracting by manifest.
2373 silly tarball no local data for express-rate-limit@https://registry.npmjs.org/express-rate-limit/-/express-rate-limit-7.5.1.tgz. Extracting by manifest.
2374 silly tarball no local data for express@https://registry.npmjs.org/express/-/express-4.22.2.tgz. Extracting by manifest.
2375 silly tarball no local data for dotenv@https://registry.npmjs.org/dotenv/-/dotenv-16.6.1.tgz. Extracting by manifest.
2376 silly tarball no local data for express-mongo-sanitize@https://registry.npmjs.org/express-mongo-sanitize/-/express-mongo-sanitize-2.2.0.tgz. Extracting by manifest.
2377 silly tarball no local data for crypto@https://registry.npmjs.org/crypto/-/crypto-1.0.1.tgz. Extracting by manifest.
2378 silly tarball no local data for cors@https://registry.npmjs.org/cors/-/cors-2.8.6.tgz. Extracting by manifest.
2379 silly tarball no local data for cookie-parser@https://registry.npmjs.org/cookie-parser/-/cookie-parser-1.4.7.tgz. Extracting by manifest.
2380 silly tarball no local data for bcryptjs@https://registry.npmjs.org/bcryptjs/-/bcryptjs-2.4.3.tgz. Extracting by manifest.
2381 silly tarball no local data for cloudinary@https://registry.npmjs.org/cloudinary/-/cloudinary-2.11.0.tgz. Extracting by manifest.
2382 silly tarball no local data for axios@https://registry.npmjs.org/axios/-/axios-1.20.0.tgz. Extracting by manifest.
2383 silly tarball no local data for webidl-conversions@https://registry.npmjs.org/webidl-conversions/-/webidl-conversions-7.0.0.tgz. Extracting by manifest.
2384 silly tarball no local data for tr46@https://registry.npmjs.org/tr46/-/tr46-5.1.1.tgz. Extracting by manifest.
2385 silly tarball no local data for whatwg-url@https://registry.npmjs.org/whatwg-url/-/whatwg-url-14.2.0.tgz. Extracting by manifest.
2386 silly tarball no local data for color-name@https://registry.npmjs.org/color-name/-/color-name-2.1.1.tgz. Extracting by manifest.
2387 silly tarball no local data for color-string@https://registry.npmjs.org/color-string/-/color-string-2.1.4.tgz. Extracting by manifest.
2388 silly tarball no local data for color-convert@https://registry.npmjs.org/color-convert/-/color-convert-3.1.3.tgz. Extracting by manifest.
2389 silly tarball no local data for readable-stream@https://registry.npmjs.org/readable-stream/-/readable-stream-3.6.2.tgz. Extracting by manifest.
2390 silly tarball no local data for color@https://registry.npmjs.org/color/-/color-5.0.3.tgz. Extracting by manifest.
2391 silly tarball no local data for ms@https://registry.npmjs.org/ms/-/ms-2.1.3.tgz. Extracting by manifest.
2392 silly tarball no local data for safe-buffer@https://registry.npmjs.org/safe-buffer/-/safe-buffer-5.1.2.tgz. Extracting by manifest.
2393 silly tarball no local data for pako@https://registry.npmjs.org/pako/-/pako-0.2.9.tgz. Extracting by manifest.
2394 silly tarball no local data for base64-js@https://registry.npmjs.org/base64-js/-/base64-js-0.0.8.tgz. Extracting by manifest.
2395 silly tarball no local data for safe-buffer@https://registry.npmjs.org/safe-buffer/-/safe-buffer-5.1.2.tgz. Extracting by manifest.
2396 silly tarball no local data for ms@https://registry.npmjs.org/ms/-/ms-2.1.3.tgz. Extracting by manifest.
2397 silly tarball no local data for debug@https://registry.npmjs.org/debug/-/debug-4.4.3.tgz. Extracting by manifest.
2398 silly tarball no local data for isarray@https://registry.npmjs.org/isarray/-/isarray-1.0.0.tgz. Extracting by manifest.
2399 silly tarball no local data for debug@https://registry.npmjs.org/debug/-/debug-4.4.3.tgz. Extracting by manifest.
2400 silly tarball no local data for ms@https://registry.npmjs.org/ms/-/ms-2.1.3.tgz. Extracting by manifest.
2401 silly tarball no local data for ms@https://registry.npmjs.org/ms/-/ms-2.1.3.tgz. Extracting by manifest.
2402 silly tarball no local data for debug@https://registry.npmjs.org/debug/-/debug-4.4.3.tgz. Extracting by manifest.
2403 silly tarball no local data for is-stream@https://registry.npmjs.org/is-stream/-/is-stream-2.0.1.tgz. Extracting by manifest.
2404 silly tarball no local data for agent-base@https://registry.npmjs.org/agent-base/-/agent-base-7.1.4.tgz. Extracting by manifest.
2405 silly tarball no local data for ms@https://registry.npmjs.org/ms/-/ms-2.1.3.tgz. Extracting by manifest.
2406 silly tarball no local data for https-proxy-agent@https://registry.npmjs.org/https-proxy-agent/-/https-proxy-agent-7.0.6.tgz. Extracting by manifest.
2407 silly tarball no local data for ms@https://registry.npmjs.org/ms/-/ms-2.1.3.tgz. Extracting by manifest.
2408 silly tarball no local data for debug@https://registry.npmjs.org/debug/-/debug-4.4.3.tgz. Extracting by manifest.
2409 silly tarball no local data for is-stream@https://registry.npmjs.org/is-stream/-/is-stream-2.0.1.tgz. Extracting by manifest.
2410 silly tarball no local data for ms@https://registry.npmjs.org/ms/-/ms-2.1.3.tgz. Extracting by manifest.
2411 silly tarball no local data for debug@https://registry.npmjs.org/debug/-/debug-4.4.3.tgz. Extracting by manifest.
2412 silly tarball no local data for readable-stream@https://registry.npmjs.org/readable-stream/-/readable-stream-3.6.2.tgz. Extracting by manifest.
2413 silly tarball no local data for uuid@https://registry.npmjs.org/uuid/-/uuid-8.3.2.tgz. Extracting by manifest.
2414 silly tarball no local data for gaxios@https://registry.npmjs.org/gaxios/-/gaxios-5.1.3.tgz. Extracting by manifest.
2415 silly tarball no local data for is-stream@https://registry.npmjs.org/is-stream/-/is-stream-2.0.1.tgz. Extracting by manifest.
2416 silly tarball no local data for ms@https://registry.npmjs.org/ms/-/ms-2.1.3.tgz. Extracting by manifest.
2417 silly tarball no local data for gcp-metadata@https://registry.npmjs.org/gcp-metadata/-/gcp-metadata-5.3.0.tgz. Extracting by manifest.
2418 silly tarball no local data for ms@https://registry.npmjs.org/ms/-/ms-2.1.3.tgz. Extracting by manifest.
2419 silly tarball no local data for mongodb@https://registry.npmjs.org/mongodb/-/mongodb-6.20.0.tgz. Extracting by manifest.
2420 http fetch GET 200 https://registry.npmjs.org/sparse-bitfield/-/sparse-bitfield-3.0.3.tgz 520ms (cache miss)
2421 http fetch GET 200 https://registry.npmjs.org/text-hex/-/text-hex-1.0.0.tgz 518ms (cache miss)
2422 http fetch GET 200 https://registry.npmjs.org/punycode/-/punycode-2.3.1.tgz 523ms (cache miss)
2423 http fetch GET 200 https://registry.npmjs.org/winston-transport/-/winston-transport-4.9.0.tgz 516ms (cache miss)
2424 http fetch GET 200 https://registry.npmjs.org/@types/triple-beam/-/triple-beam-1.3.5.tgz 520ms (cache miss)
2425 http fetch GET 200 https://registry.npmjs.org/enabled/-/enabled-2.0.0.tgz 519ms (cache miss)
2426 http fetch GET 200 https://registry.npmjs.org/@types/whatwg-url/-/whatwg-url-11.0.5.tgz 523ms (cache miss)
2427 http fetch GET 200 https://registry.npmjs.org/@types/webidl-conversions/-/webidl-conversions-7.0.3.tgz 526ms (cache miss)
2428 http fetch GET 200 https://registry.npmjs.org/@so-ric/colorspace/-/colorspace-1.1.6.tgz 536ms (cache miss)
2429 http fetch GET 200 https://registry.npmjs.org/kuler/-/kuler-2.0.0.tgz 564ms (cache miss)
2430 http fetch GET 200 https://registry.npmjs.org/fn.name/-/fn.name-1.1.0.tgz 566ms (cache miss)
2431 http fetch GET 200 https://registry.npmjs.org/memory-pager/-/memory-pager-1.5.0.tgz 571ms (cache miss)
2432 http fetch GET 200 https://registry.npmjs.org/mongodb-connection-string-url/-/mongodb-connection-string-url-3.0.2.tgz 569ms (cache miss)
2433 http fetch GET 200 https://registry.npmjs.org/stack-trace/-/stack-trace-0.0.10.tgz 582ms (cache miss)
2434 http fetch GET 200 https://registry.npmjs.org/one-time/-/one-time-1.0.0.tgz 606ms (cache miss)
2435 http fetch GET 200 https://registry.npmjs.org/triple-beam/-/triple-beam-1.4.1.tgz 608ms (cache miss)
2436 http fetch GET 200 https://registry.npmjs.org/safe-stable-stringify/-/safe-stable-stringify-2.5.0.tgz 644ms (cache miss)
2437 http fetch GET 200 https://registry.npmjs.org/is-callable/-/is-callable-1.2.7.tgz 669ms (cache miss)
2438 http fetch GET 200 https://registry.npmjs.org/has-bigints/-/has-bigints-1.1.0.tgz 666ms (cache miss)
2439 http fetch GET 200 https://registry.npmjs.org/for-each/-/for-each-0.3.5.tgz 685ms (cache miss)
2440 http fetch GET 200 https://registry.npmjs.org/available-typed-arrays/-/available-typed-arrays-1.0.7.tgz 686ms (cache miss)
2441 http fetch GET 200 https://registry.npmjs.org/possible-typed-array-names/-/possible-typed-array-names-1.1.0.tgz 702ms (cache miss)
2442 http fetch GET 200 https://registry.npmjs.org/is-weakset/-/is-weakset-2.0.4.tgz 700ms (cache miss)
2443 http fetch GET 200 https://registry.npmjs.org/is-weakmap/-/is-weakmap-2.0.2.tgz 722ms (cache miss)
2444 http fetch GET 200 https://registry.npmjs.org/media-typer/-/media-typer-0.3.0.tgz 719ms (cache miss)
2445 http fetch GET 200 https://registry.npmjs.org/safe-regex-test/-/safe-regex-test-1.1.0.tgz 723ms (cache miss)
2446 http fetch GET 200 https://registry.npmjs.org/is-symbol/-/is-symbol-1.1.1.tgz 738ms (cache miss)
2447 http fetch GET 200 https://registry.npmjs.org/is-bigint/-/is-bigint-1.1.0.tgz 750ms (cache miss)
2448 http fetch GET 200 https://registry.npmjs.org/is-boolean-object/-/is-boolean-object-1.2.2.tgz 769ms (cache miss)
2449 http fetch GET 200 https://registry.npmjs.org/webidl-conversions/-/webidl-conversions-3.0.1.tgz 768ms (cache miss)
2450 http fetch GET 200 https://registry.npmjs.org/peek-readable/-/peek-readable-5.4.2.tgz 766ms (cache miss)
2451 http fetch GET 200 https://registry.npmjs.org/has-flag/-/has-flag-3.0.0.tgz 767ms (cache miss)
2452 http fetch GET 200 https://registry.npmjs.org/is-number/-/is-number-7.0.0.tgz 768ms (cache miss)
2453 http fetch GET 200 https://registry.npmjs.org/@tokenizer/token/-/token-0.3.0.tgz 767ms (cache miss)
2454 http fetch GET 200 https://registry.npmjs.org/side-channel-weakmap/-/side-channel-weakmap-1.0.2.tgz 764ms (cache miss)
2455 http fetch GET 200 https://registry.npmjs.org/color-name/-/color-name-1.1.4.tgz 764ms (cache miss)
2456 http fetch GET 200 https://registry.npmjs.org/color-convert/-/color-convert-2.0.1.tgz 764ms (cache miss)
2457 http fetch GET 200 https://registry.npmjs.org/is-number-object/-/is-number-object-1.1.1.tgz 786ms (cache miss)
2458 http fetch GET 200 https://registry.npmjs.org/internal-slot/-/internal-slot-1.1.0.tgz 781ms (cache miss)
2459 http fetch GET 200 https://registry.npmjs.org/ieee754/-/ieee754-1.2.1.tgz 781ms (cache miss)
2460 http fetch GET 200 https://registry.npmjs.org/color-string/-/color-string-1.9.1.tgz 776ms (cache miss)
2461 http fetch GET 200 https://registry.npmjs.org/simple-swizzle/-/simple-swizzle-0.2.4.tgz 778ms (cache miss)
2462 http fetch GET 200 https://registry.npmjs.org/color/-/color-4.2.3.tgz 775ms (cache miss)
2463 http fetch GET 200 https://registry.npmjs.org/side-channel-map/-/side-channel-map-1.0.1.tgz 793ms (cache miss)
2464 http fetch GET 200 https://registry.npmjs.org/side-channel-list/-/side-channel-list-1.0.1.tgz 793ms (cache miss)
2465 http fetch GET 200 https://registry.npmjs.org/functions-have-names/-/functions-have-names-1.2.3.tgz 788ms (cache miss)
2466 http fetch GET 200 https://registry.npmjs.org/set-function-name/-/set-function-name-2.0.2.tgz 787ms (cache miss)
2467 http fetch GET 200 https://registry.npmjs.org/is-arrayish/-/is-arrayish-0.3.4.tgz 805ms (cache miss)
2468 http fetch GET 200 https://registry.npmjs.org/util-deprecate/-/util-deprecate-1.0.2.tgz 798ms (cache miss)
2469 http fetch GET 200 https://registry.npmjs.org/forwarded/-/forwarded-0.2.0.tgz 795ms (cache miss)
2470 http fetch GET 200 https://registry.npmjs.org/string_decoder/-/string_decoder-1.1.1.tgz 798ms (cache miss)
2471 http fetch GET 200 https://registry.npmjs.org/detect-libc/-/detect-libc-2.1.2.tgz 804ms (cache miss)
2472 http fetch GET 200 https://registry.npmjs.org/process-nextick-args/-/process-nextick-args-2.0.1.tgz 813ms (cache miss)
2473 http fetch GET 200 https://registry.npmjs.org/core-util-is/-/core-util-is-1.0.3.tgz 812ms (cache miss)
2474 http fetch GET 200 https://registry.npmjs.org/ipaddr.js/-/ipaddr.js-1.9.1.tgz 812ms (cache miss)
2475 http fetch GET 200 https://registry.npmjs.org/define-properties/-/define-properties-1.2.1.tgz 809ms (cache miss)
2476 http fetch GET 200 https://registry.npmjs.org/has-property-descriptors/-/has-property-descriptors-1.0.2.tgz 817ms (cache miss)
2477 http fetch GET 200 https://registry.npmjs.org/which-collection/-/which-collection-1.0.2.tgz 813ms (cache miss)
2478 http fetch GET 200 https://registry.npmjs.org/call-bound/-/call-bound-1.0.4.tgz 818ms (cache miss)
2479 http fetch GET 200 https://registry.npmjs.org/mime/-/mime-1.6.0.tgz 831ms (cache miss)
2480 http fetch GET 200 https://registry.npmjs.org/define-data-property/-/define-data-property-1.1.4.tgz 824ms (cache miss)
2481 http fetch GET 200 https://registry.npmjs.org/is-set/-/is-set-2.0.3.tgz 822ms (cache miss)
2482 http fetch GET 200 https://registry.npmjs.org/is-string/-/is-string-1.1.1.tgz 822ms (cache miss)
2483 http fetch GET 200 https://registry.npmjs.org/regexp.prototype.flags/-/regexp.prototype.flags-1.5.4.tgz 823ms (cache miss)
2484 http fetch GET 200 https://registry.npmjs.org/set-function-length/-/set-function-length-1.2.2.tgz 827ms (cache miss)
2485 http fetch GET 200 https://registry.npmjs.org/fecha/-/fecha-4.2.3.tgz 872ms (cache miss)
2486 http fetch GET 200 https://registry.npmjs.org/stop-iteration-iterator/-/stop-iteration-iterator-1.1.0.tgz 835ms (cache miss)
2487 http fetch GET 200 https://registry.npmjs.org/which-boxed-primitive/-/which-boxed-primitive-1.1.1.tgz 831ms (cache miss)
2488 http fetch GET 200 https://registry.npmjs.org/isarray/-/isarray-2.0.5.tgz 830ms (cache miss)
2489 http fetch GET 200 https://registry.npmjs.org/is-date-object/-/is-date-object-1.1.0.tgz 829ms (cache miss)
2490 http fetch GET 200 https://registry.npmjs.org/is-shared-array-buffer/-/is-shared-array-buffer-1.0.4.tgz 829ms (cache miss)
2491 http fetch GET 200 https://registry.npmjs.org/object-keys/-/object-keys-1.1.1.tgz 836ms (cache miss)
2492 http fetch GET 200 https://registry.npmjs.org/is-array-buffer/-/is-array-buffer-3.0.5.tgz 836ms (cache miss)
2493 http fetch GET 200 https://registry.npmjs.org/is-map/-/is-map-2.0.3.tgz 849ms (cache miss)
2494 http fetch GET 200 https://registry.npmjs.org/side-channel/-/side-channel-1.1.1.tgz 848ms (cache miss)
2495 http fetch GET 200 https://registry.npmjs.org/is-regex/-/is-regex-1.2.1.tgz 846ms (cache miss)
2496 http fetch GET 200 https://registry.npmjs.org/array-buffer-byte-length/-/array-buffer-byte-length-1.0.2.tgz 844ms (cache miss)
2497 http fetch GET 200 https://registry.npmjs.org/unicode-trie/-/unicode-trie-2.0.0.tgz 844ms (cache miss)
2498 http fetch GET 200 https://registry.npmjs.org/which-typed-array/-/which-typed-array-1.1.22.tgz 857ms (cache miss)
2499 http fetch GET 200 https://registry.npmjs.org/is-arguments/-/is-arguments-1.2.0.tgz 852ms (cache miss)
2500 http fetch GET 200 https://registry.npmjs.org/@borewit/text-codec/-/text-codec-0.2.2.tgz 884ms (cache miss)
2501 http fetch GET 200 https://registry.npmjs.org/call-bind/-/call-bind-1.0.9.tgz 852ms (cache miss)
2502 http fetch GET 200 https://registry.npmjs.org/tiny-inflate/-/tiny-inflate-1.0.3.tgz 850ms (cache miss)
2503 http fetch GET 200 https://registry.npmjs.org/dfa/-/dfa-1.2.0.tgz 849ms (cache miss)
2504 http fetch GET 200 https://registry.npmjs.org/object-is/-/object-is-1.1.6.tgz 856ms (cache miss)
2505 http fetch GET 200 https://registry.npmjs.org/clone/-/clone-2.1.2.tgz 852ms (cache miss)
2506 http fetch GET 200 https://registry.npmjs.org/tr46/-/tr46-0.0.3.tgz 899ms (cache miss)
2507 http fetch GET 200 https://registry.npmjs.org/png-js/-/png-js-1.1.0.tgz 860ms (cache miss)
2508 http fetch GET 200 https://registry.npmjs.org/ee-first/-/ee-first-1.1.1.tgz 857ms (cache miss)
2509 http fetch GET 200 https://registry.npmjs.org/binary-extensions/-/binary-extensions-2.3.0.tgz 858ms (cache miss)
2510 http fetch GET 200 https://registry.npmjs.org/unicode-properties/-/unicode-properties-1.4.1.tgz 870ms (cache miss)
2511 http fetch GET 200 https://registry.npmjs.org/browserify-zlib/-/browserify-zlib-0.2.0.tgz 891ms (cache miss)
2512 http fetch GET 200 https://registry.npmjs.org/normalize-path/-/normalize-path-3.0.0.tgz 865ms (cache miss)
2513 http fetch GET 200 https://registry.npmjs.org/deep-equal/-/deep-equal-2.2.3.tgz 875ms (cache miss)
2514 http fetch GET 200 https://registry.npmjs.org/tslib/-/tslib-2.8.1.tgz 883ms (cache miss)
2515 http fetch GET 200 https://registry.npmjs.org/es-get-iterator/-/es-get-iterator-1.1.3.tgz 887ms (cache miss)
2516 http fetch GET 200 https://registry.npmjs.org/@dabh/diagnostics/-/diagnostics-2.0.8.tgz 931ms (cache miss)
2517 http fetch GET 200 https://registry.npmjs.org/is-glob/-/is-glob-4.0.3.tgz 876ms (cache miss)
2518 http fetch GET 200 https://registry.npmjs.org/glob-parent/-/glob-parent-5.1.2.tgz 881ms (cache miss)
2519 http fetch GET 200 https://registry.npmjs.org/linebreak/-/linebreak-1.1.0.tgz 891ms (cache miss)
2520 http fetch GET 200 https://registry.npmjs.org/object.assign/-/object.assign-4.1.7.tgz 908ms (cache miss)
2521 http fetch GET 200 https://registry.npmjs.org/is-binary-path/-/is-binary-path-2.1.0.tgz 888ms (cache miss)
2522 http fetch GET 200 https://registry.npmjs.org/@colors/colors/-/colors-1.6.0.tgz 952ms (cache miss)
2523 http fetch GET 200 https://registry.npmjs.org/object-inspect/-/object-inspect-1.13.4.tgz 965ms (cache miss)
2524 http fetch GET 200 https://registry.npmjs.org/logform/-/logform-2.7.0.tgz 988ms (cache miss)
2525 http fetch GET 200 https://registry.npmjs.org/restructure/-/restructure-2.0.1.tgz 955ms (cache miss)
2526 http fetch GET 200 https://registry.npmjs.org/crypto-js/-/crypto-js-4.2.0.tgz 954ms (cache miss)
2527 warn deprecated crypto-js@4.2.0: Active development of CryptoJS has been discontinued. This library is no longer maintained.
2528 http fetch GET 200 https://registry.npmjs.org/@mongodb-js/saslprep/-/saslprep-1.5.0.tgz 1015ms (cache miss)
2529 http fetch GET 200 https://registry.npmjs.org/pako/-/pako-1.0.11.tgz 995ms (cache miss)
2530 http fetch GET 200 https://registry.npmjs.org/async/-/async-3.2.6.tgz 1043ms (cache miss)
2531 http fetch GET 200 https://registry.npmjs.org/brotli/-/brotli-1.3.3.tgz 1077ms (cache miss)
2532 http fetch GET 200 https://registry.npmjs.org/fontkit/-/fontkit-1.9.0.tgz 1087ms (cache miss)
2533 http fetch GET 200 https://registry.npmjs.org/anymatch/-/anymatch-3.1.3.tgz 1090ms (cache miss)
2534 http fetch GET 200 https://registry.npmjs.org/undefsafe/-/undefsafe-2.0.5.tgz 1097ms (cache miss)
2535 http fetch GET 200 https://registry.npmjs.org/fill-range/-/fill-range-7.1.1.tgz 1106ms (cache miss)
2536 http fetch GET 200 https://registry.npmjs.org/jpeg-exif/-/jpeg-exif-1.1.4.tgz 1120ms (cache miss)
2537 warn deprecated jpeg-exif@1.1.4: Package no longer supported. Contact Support at https://www.npmjs.com/support for more info.
2538 http fetch GET 200 https://registry.npmjs.org/braces/-/braces-3.0.3.tgz 1127ms (cache miss)
2539 http fetch GET 200 https://registry.npmjs.org/to-regex-range/-/to-regex-range-5.0.1.tgz 1135ms (cache miss)
2540 http fetch GET 200 https://registry.npmjs.org/touch/-/touch-3.1.1.tgz 1128ms (cache miss)
2541 http fetch GET 200 https://registry.npmjs.org/supports-color/-/supports-color-5.5.0.tgz 1129ms (cache miss)
2542 http fetch GET 200 https://registry.npmjs.org/simple-update-notifier/-/simple-update-notifier-2.0.0.tgz 1137ms (cache miss)
2543 http fetch GET 200 https://registry.npmjs.org/pstree.remy/-/pstree.remy-1.1.8.tgz 1150ms (cache miss)
2544 http fetch GET 200 https://registry.npmjs.org/ignore-by-default/-/ignore-by-default-1.0.1.tgz 1158ms (cache miss)
2545 http fetch GET 200 https://registry.npmjs.org/balanced-match/-/balanced-match-4.0.4.tgz 1198ms (cache miss)
2546 http fetch GET 200 https://registry.npmjs.org/chokidar/-/chokidar-3.6.0.tgz 1187ms (cache miss)
2547 http fetch GET 200 https://registry.npmjs.org/is-extglob/-/is-extglob-2.1.1.tgz 1199ms (cache miss)
2548 http fetch GET 200 https://registry.npmjs.org/typedarray/-/typedarray-0.0.6.tgz 1200ms (cache miss)
2549 http fetch GET 200 https://registry.npmjs.org/brace-expansion/-/brace-expansion-5.0.9.tgz 1245ms (cache miss)
2550 http fetch GET 200 https://registry.npmjs.org/mkdirp/-/mkdirp-0.5.6.tgz 1233ms (cache miss)
2551 http fetch GET 200 https://registry.npmjs.org/buffer-from/-/buffer-from-1.1.2.tgz 1236ms (cache miss)
2552 http fetch GET 200 https://registry.npmjs.org/readdirp/-/readdirp-3.6.0.tgz 1256ms (cache miss)
2553 http fetch GET 200 https://registry.npmjs.org/xtend/-/xtend-4.0.2.tgz 1244ms (cache miss)
2554 http fetch GET 200 https://registry.npmjs.org/@img/sharp-darwin-x64/-/sharp-darwin-x64-0.33.5.tgz 1298ms (cache miss)
2555 http fetch GET 200 https://registry.npmjs.org/minimist/-/minimist-1.2.8.tgz 1276ms (cache miss)
2556 http fetch GET 200 https://registry.npmjs.org/append-field/-/append-field-1.0.0.tgz 1275ms (cache miss)
2557 http fetch GET 200 https://registry.npmjs.org/whatwg-url/-/whatwg-url-5.0.0.tgz 1281ms (cache miss)
2558 http fetch GET 200 https://registry.npmjs.org/streamsearch/-/streamsearch-1.1.0.tgz 1279ms (cache miss)
2559 http fetch GET 200 https://registry.npmjs.org/concat-stream/-/concat-stream-1.6.2.tgz 1279ms (cache miss)
2560 http fetch GET 200 https://registry.npmjs.org/picomatch/-/picomatch-2.3.2.tgz 1296ms (cache miss)
2561 http fetch GET 200 https://registry.npmjs.org/kareem/-/kareem-2.6.3.tgz 1280ms (cache miss)
2562 http fetch GET 200 https://registry.npmjs.org/mpath/-/mpath-0.9.0.tgz 1285ms (cache miss)
2563 http fetch GET 200 https://registry.npmjs.org/mquery/-/mquery-5.0.0.tgz 1291ms (cache miss)
2564 http fetch GET 200 https://registry.npmjs.org/readable-stream/-/readable-stream-2.3.8.tgz 1296ms (cache miss)
2565 http fetch GET 200 https://registry.npmjs.org/busboy/-/busboy-1.6.0.tgz 1299ms (cache miss)
2566 http fetch GET 200 https://registry.npmjs.org/lodash.isstring/-/lodash.isstring-4.0.1.tgz 1303ms (cache miss)
2567 http fetch GET 200 https://registry.npmjs.org/lodash.isboolean/-/lodash.isboolean-3.0.3.tgz 1302ms (cache miss)
2568 http fetch GET 200 https://registry.npmjs.org/minimatch/-/minimatch-10.2.6.tgz 1328ms (cache miss)
2569 http fetch GET 200 https://registry.npmjs.org/lodash.once/-/lodash.once-4.1.1.tgz 1320ms (cache miss)
2570 http fetch GET 200 https://registry.npmjs.org/@swc/helpers/-/helpers-0.3.17.tgz 1381ms (cache miss)
2571 http fetch GET 200 https://registry.npmjs.org/lodash.isplainobject/-/lodash.isplainobject-4.0.6.tgz 1355ms (cache miss)
2572 http fetch GET 200 https://registry.npmjs.org/safer-buffer/-/safer-buffer-2.1.2.tgz 1373ms (cache miss)
2573 http fetch GET 200 https://registry.npmjs.org/toidentifier/-/toidentifier-1.0.1.tgz 1392ms (cache miss)
2574 http fetch GET 200 https://registry.npmjs.org/semver/-/semver-7.8.5.tgz 1470ms (cache miss)
2575 http fetch GET 200 https://registry.npmjs.org/sift/-/sift-17.1.3.tgz 1487ms (cache miss)
2576 http fetch GET 200 https://registry.npmjs.org/buffer-equal-constant-time/-/buffer-equal-constant-time-1.0.1.tgz 1559ms (cache miss)
2577 http fetch GET 200 https://registry.npmjs.org/json-bigint/-/json-bigint-1.0.0.tgz 1579ms (cache miss)
2578 http fetch GET 200 https://registry.npmjs.org/fsevents/-/fsevents-2.3.3.tgz 1629ms (cache miss)
2579 http fetch GET 200 https://registry.npmjs.org/jwa/-/jwa-2.0.1.tgz 1613ms (cache miss)
2580 http fetch GET 200 https://registry.npmjs.org/extend/-/extend-3.0.2.tgz 1624ms (cache miss)
2581 http fetch GET 200 https://registry.npmjs.org/lodash.includes/-/lodash.includes-4.3.0.tgz 1631ms (cache miss)
2582 http fetch GET 200 https://registry.npmjs.org/url-template/-/url-template-2.0.8.tgz 1628ms (cache miss)
2583 http fetch GET 200 https://registry.npmjs.org/node-fetch/-/node-fetch-2.7.0.tgz 1628ms (cache miss)
2584 http fetch GET 200 https://registry.npmjs.org/gtoken/-/gtoken-7.1.0.tgz 1641ms (cache miss)
2585 http fetch GET 200 https://registry.npmjs.org/google-logging-utils/-/google-logging-utils-0.0.2.tgz 1648ms (cache miss)
2586 http fetch GET 200 https://registry.npmjs.org/jws/-/jws-4.0.1.tgz 1653ms (cache miss)
2587 http fetch GET 200 https://registry.npmjs.org/gcp-metadata/-/gcp-metadata-6.1.1.tgz 1658ms (cache miss)
2588 http fetch GET 200 https://registry.npmjs.org/base64-js/-/base64-js-1.5.1.tgz 1659ms (cache miss)
2589 http fetch GET 200 https://registry.npmjs.org/bson/-/bson-6.10.4.tgz 1678ms (cache miss)
2590 http fetch GET 200 https://registry.npmjs.org/has-symbols/-/has-symbols-1.1.0.tgz 1694ms (cache miss)
2591 http fetch GET 200 https://registry.npmjs.org/math-intrinsics/-/math-intrinsics-1.1.0.tgz 1696ms (cache miss)
2592 http fetch GET 200 https://registry.npmjs.org/mime-db/-/mime-db-1.52.0.tgz 1723ms (cache miss)
2593 http fetch GET 200 https://registry.npmjs.org/dunder-proto/-/dunder-proto-1.0.1.tgz 1712ms (cache miss)
2594 http fetch GET 200 https://registry.npmjs.org/is-stream/-/is-stream-4.0.1.tgz 1716ms (cache miss)
2595 http fetch GET 200 https://registry.npmjs.org/inherits/-/inherits-2.0.4.tgz 1726ms (cache miss)
2596 http fetch GET 200 https://registry.npmjs.org/googleapis-common/-/googleapis-common-7.2.0.tgz 1730ms (cache miss)
2597 http fetch GET 200 https://registry.npmjs.org/get-proto/-/get-proto-1.0.1.tgz 1755ms (cache miss)
2598 http fetch GET 200 https://registry.npmjs.org/gopd/-/gopd-1.2.0.tgz 1762ms (cache miss)
2599 http fetch GET 200 https://registry.npmjs.org/es-define-property/-/es-define-property-1.0.1.tgz 1762ms (cache miss)
2600 http fetch GET 200 https://registry.npmjs.org/function-bind/-/function-bind-1.1.2.tgz 1763ms (cache miss)
2601 http fetch GET 200 https://registry.npmjs.org/es-object-atoms/-/es-object-atoms-1.1.2.tgz 1771ms (cache miss)
2602 http fetch GET 200 https://registry.npmjs.org/es-errors/-/es-errors-1.3.0.tgz 1808ms (cache miss)
2603 http fetch GET 200 https://registry.npmjs.org/has-tostringtag/-/has-tostringtag-1.0.2.tgz 1808ms (cache miss)
2604 http fetch GET 200 https://registry.npmjs.org/delayed-stream/-/delayed-stream-1.0.0.tgz 1809ms (cache miss)
2605 http fetch GET 200 https://registry.npmjs.org/ecdsa-sig-formatter/-/ecdsa-sig-formatter-1.0.11.tgz 1821ms (cache miss)
2606 http fetch GET 200 https://registry.npmjs.org/gaxios/-/gaxios-6.7.1.tgz 1826ms (cache miss)
2607 http fetch GET 200 https://registry.npmjs.org/bignumber.js/-/bignumber.js-9.3.1.tgz 1852ms (cache miss)
2608 http fetch GET 200 https://registry.npmjs.org/es-set-tostringtag/-/es-set-tostringtag-2.1.0.tgz 1831ms (cache miss)
2609 http fetch GET 200 https://registry.npmjs.org/token-types/-/token-types-6.1.2.tgz 1836ms (cache miss)
2610 http fetch GET 200 https://registry.npmjs.org/hasown/-/hasown-2.0.4.tgz 1843ms (cache miss)
2611 http fetch GET 200 https://registry.npmjs.org/combined-stream/-/combined-stream-1.0.8.tgz 1855ms (cache miss)
2612 http fetch GET 200 https://registry.npmjs.org/uint8array-extras/-/uint8array-extras-1.5.0.tgz 1855ms (cache miss)
2613 http fetch GET 200 https://registry.npmjs.org/unpipe/-/unpipe-1.0.0.tgz 1871ms (cache miss)
2614 http fetch GET 200 https://registry.npmjs.org/raw-body/-/raw-body-2.5.3.tgz 1885ms (cache miss)
2615 http fetch GET 200 https://registry.npmjs.org/lodash.isnumber/-/lodash.isnumber-3.0.3.tgz 1921ms (cache miss)
2616 http fetch GET 200 https://registry.npmjs.org/ms/-/ms-2.0.0.tgz 1902ms (cache miss)
2617 http fetch GET 200 https://registry.npmjs.org/agent-base/-/agent-base-6.0.2.tgz 1999ms (cache miss)
2618 http fetch GET 200 https://registry.npmjs.org/bytes/-/bytes-3.1.2.tgz 1971ms (cache miss)
2619 http fetch GET 200 https://registry.npmjs.org/destroy/-/destroy-1.2.0.tgz 1973ms (cache miss)
2620 http fetch GET 200 https://registry.npmjs.org/google-auth-library/-/google-auth-library-9.15.1.tgz 2024ms (cache miss)
2621 http fetch GET 200 https://registry.npmjs.org/mime-types/-/mime-types-2.1.35.tgz 2044ms (cache miss)
2622 http fetch GET 200 https://registry.npmjs.org/utils-merge/-/utils-merge-1.0.1.tgz 2043ms (cache miss)
2623 http fetch GET 200 https://registry.npmjs.org/statuses/-/statuses-2.0.2.tgz 2069ms (cache miss)
2624 http fetch GET 200 https://registry.npmjs.org/get-intrinsic/-/get-intrinsic-1.3.0.tgz 2085ms (cache miss)
2625 http fetch GET 200 https://registry.npmjs.org/call-bind-apply-helpers/-/call-bind-apply-helpers-1.0.2.tgz 2091ms (cache miss)
2626 http fetch GET 200 https://registry.npmjs.org/type-is/-/type-is-1.6.18.tgz 2078ms (cache miss)
2627 http fetch GET 200 https://registry.npmjs.org/iconv-lite/-/iconv-lite-0.4.24.tgz 2121ms (cache miss)
2628 http fetch GET 200 https://registry.npmjs.org/setprototypeof/-/setprototypeof-1.2.0.tgz 2117ms (cache miss)
2629 http fetch GET 200 https://registry.npmjs.org/send/-/send-0.19.2.tgz 2117ms (cache miss)
2630 http fetch GET 200 https://registry.npmjs.org/asynckit/-/asynckit-0.4.0.tgz 2134ms (cache miss)
2631 http fetch GET 200 https://registry.npmjs.org/@sec-ant/readable-stream/-/readable-stream-0.4.1.tgz 2142ms (cache miss)
2632 http fetch GET 200 https://registry.npmjs.org/negotiator/-/negotiator-0.6.3.tgz 2127ms (cache miss)
2633 http fetch GET 200 https://registry.npmjs.org/serve-static/-/serve-static-1.16.3.tgz 2122ms (cache miss)
2634 http fetch GET 200 https://registry.npmjs.org/safe-buffer/-/safe-buffer-5.2.1.tgz 2127ms (cache miss)
2635 http fetch GET 200 https://registry.npmjs.org/proxy-addr/-/proxy-addr-2.0.7.tgz 2124ms (cache miss)
2636 http fetch GET 200 https://registry.npmjs.org/methods/-/methods-1.1.2.tgz 2135ms (cache miss)
2637 http fetch GET 200 https://registry.npmjs.org/fresh/-/fresh-0.5.2.tgz 2137ms (cache miss)
2638 http fetch GET 200 https://registry.npmjs.org/on-finished/-/on-finished-2.4.1.tgz 2162ms (cache miss)
2639 http fetch GET 200 https://registry.npmjs.org/range-parser/-/range-parser-1.2.1.tgz 2166ms (cache miss)
2640 http fetch GET 200 https://registry.npmjs.org/merge-descriptors/-/merge-descriptors-1.0.3.tgz 2164ms (cache miss)
2641 http fetch GET 200 https://registry.npmjs.org/http-errors/-/http-errors-2.0.1.tgz 2163ms (cache miss)
2642 http fetch GET 200 https://registry.npmjs.org/strtok3/-/strtok3-9.1.1.tgz 2188ms (cache miss)
2643 http fetch GET 200 https://registry.npmjs.org/escape-html/-/escape-html-1.0.3.tgz 2173ms (cache miss)
2644 http fetch GET 200 https://registry.npmjs.org/etag/-/etag-1.8.1.tgz 2179ms (cache miss)
2645 http fetch GET 200 https://registry.npmjs.org/qs/-/qs-6.15.3.tgz 2190ms (cache miss)
2646 http fetch GET 200 https://registry.npmjs.org/lodash.isinteger/-/lodash.isinteger-4.0.4.tgz 2352ms (cache miss)
2647 http fetch GET 200 https://registry.npmjs.org/depd/-/depd-2.0.0.tgz 2303ms (cache miss)
2648 http fetch GET 200 https://registry.npmjs.org/encodeurl/-/encodeurl-2.0.0.tgz 2304ms (cache miss)
2649 http fetch GET 200 https://registry.npmjs.org/content-type/-/content-type-1.0.5.tgz 2304ms (cache miss)
2650 http fetch GET 200 https://registry.npmjs.org/accepts/-/accepts-1.3.8.tgz 2302ms (cache miss)
2651 http fetch GET 200 https://registry.npmjs.org/object-assign/-/object-assign-4.1.1.tgz 2302ms (cache miss)
2652 http fetch GET 200 https://registry.npmjs.org/content-disposition/-/content-disposition-0.5.4.tgz 2303ms (cache miss)
2653 http fetch GET 200 https://registry.npmjs.org/vary/-/vary-1.1.2.tgz 2303ms (cache miss)
2654 http fetch GET 200 https://registry.npmjs.org/body-parser/-/body-parser-1.20.6.tgz 2306ms (cache miss)
2655 http fetch GET 200 https://registry.npmjs.org/parseurl/-/parseurl-1.3.3.tgz 2314ms (cache miss)
2656 http fetch GET 200 https://registry.npmjs.org/path-to-regexp/-/path-to-regexp-0.1.13.tgz 2316ms (cache miss)
2657 http fetch GET 200 https://registry.npmjs.org/debug/-/debug-2.6.9.tgz 2315ms (cache miss)
2658 http fetch GET 200 https://registry.npmjs.org/array-flatten/-/array-flatten-1.1.1.tgz 2318ms (cache miss)
2659 http fetch GET 200 https://registry.npmjs.org/get-stream/-/get-stream-9.0.1.tgz 2372ms (cache miss)
2660 http fetch GET 200 https://registry.npmjs.org/proxy-from-env/-/proxy-from-env-2.1.0.tgz 2349ms (cache miss)
2661 http fetch GET 200 https://registry.npmjs.org/https-proxy-agent/-/https-proxy-agent-5.0.1.tgz 2359ms (cache miss)
2662 http fetch GET 200 https://registry.npmjs.org/finalhandler/-/finalhandler-1.3.2.tgz 2410ms (cache miss)
2663 http fetch GET 200 https://registry.npmjs.org/multer/-/multer-1.4.5-lts.2.tgz 2466ms (cache miss)
2664 warn deprecated multer@1.4.5-lts.2: Multer 1.x is impacted by a number of vulnerabilities, which have been patched in 2.x. You should upgrade to the latest 2.x version.
2665 http fetch GET 200 https://registry.npmjs.org/node-cron/-/node-cron-3.0.3.tgz 2612ms (cache miss)
2666 http fetch GET 200 https://registry.npmjs.org/helmet/-/helmet-7.2.0.tgz 2647ms (cache miss)
2667 http fetch GET 200 https://registry.npmjs.org/cookie/-/cookie-0.7.2.tgz 2655ms (cache miss)
2668 http fetch GET 200 https://registry.npmjs.org/nodemailer/-/nodemailer-6.10.1.tgz 2660ms (cache miss)
2669 http fetch GET 200 https://registry.npmjs.org/nodemon/-/nodemon-3.1.14.tgz 2665ms (cache miss)
2670 http fetch GET 200 https://registry.npmjs.org/cookie-signature/-/cookie-signature-1.0.6.tgz 2833ms (cache miss)
2671 http fetch GET 200 https://registry.npmjs.org/express-rate-limit/-/express-rate-limit-7.5.1.tgz 2867ms (cache miss)
2672 http fetch GET 200 https://registry.npmjs.org/lodash/-/lodash-4.18.1.tgz 2911ms (cache miss)
2673 http fetch GET 200 https://registry.npmjs.org/follow-redirects/-/follow-redirects-1.16.0.tgz 2940ms (cache miss)
2674 http fetch GET 200 https://registry.npmjs.org/jsonwebtoken/-/jsonwebtoken-9.0.3.tgz 2964ms (cache miss)
2675 http fetch GET 200 https://registry.npmjs.org/express-mongo-sanitize/-/express-mongo-sanitize-2.2.0.tgz 2978ms (cache miss)
2676 http fetch GET 200 https://registry.npmjs.org/crypto/-/crypto-1.0.1.tgz 3003ms (cache miss)
2677 warn deprecated crypto@1.0.1: This package is no longer supported. It's now a built-in Node module. If you've depended on crypto, you should switch to the one that's built-in.
2678 http fetch GET 200 https://registry.npmjs.org/dotenv/-/dotenv-16.6.1.tgz 3039ms (cache miss)
2679 http fetch GET 200 https://registry.npmjs.org/winston/-/winston-3.19.0.tgz 3055ms (cache miss)
2680 http fetch GET 200 https://registry.npmjs.org/express-validator/-/express-validator-7.3.2.tgz 3056ms (cache miss)
2681 http fetch GET 200 https://registry.npmjs.org/cookie-parser/-/cookie-parser-1.4.7.tgz 3060ms (cache miss)
2682 http fetch GET 200 https://registry.npmjs.org/validator/-/validator-13.15.35.tgz 3114ms (cache miss)
2683 http fetch GET 200 https://registry.npmjs.org/file-type/-/file-type-19.6.0.tgz 3076ms (cache miss)
2684 http fetch GET 200 https://registry.npmjs.org/webidl-conversions/-/webidl-conversions-7.0.0.tgz 3179ms (cache miss)
2685 http fetch GET 200 https://registry.npmjs.org/form-data/-/form-data-4.0.6.tgz 3221ms (cache miss)
2686 http fetch GET 200 https://registry.npmjs.org/whatwg-url/-/whatwg-url-14.2.0.tgz 3220ms (cache miss)
2687 http fetch GET 200 https://registry.npmjs.org/color-name/-/color-name-2.1.1.tgz 3227ms (cache miss)
2688 http fetch GET 200 https://registry.npmjs.org/bcryptjs/-/bcryptjs-2.4.3.tgz 3264ms (cache miss)
2689 http fetch GET 200 https://registry.npmjs.org/color-string/-/color-string-2.1.4.tgz 3262ms (cache miss)
2690 http fetch GET 200 https://registry.npmjs.org/color/-/color-5.0.3.tgz 3286ms (cache miss)
2691 http fetch GET 200 https://registry.npmjs.org/ms/-/ms-2.1.3.tgz 3331ms (cache miss)
2692 http fetch GET 200 https://registry.npmjs.org/safe-buffer/-/safe-buffer-5.1.2.tgz 3403ms (cache miss)
2693 http fetch GET 200 https://registry.npmjs.org/tr46/-/tr46-5.1.1.tgz 3470ms (cache miss)
2694 http fetch GET 200 https://registry.npmjs.org/safe-buffer/-/safe-buffer-5.1.2.tgz 3521ms (cache miss)
2695 http fetch GET 200 https://registry.npmjs.org/uuid/-/uuid-9.0.1.tgz 3544ms (cache miss)
2696 warn deprecated uuid@9.0.1: uuid@10 and below is no longer supported.  For ESM codebases, update to uuid@latest.  For CommonJS codebases, use uuid@11 (but be aware this version will likely be deprecated in 2028).
2697 http fetch GET 200 https://registry.npmjs.org/ms/-/ms-2.1.3.tgz 3530ms (cache miss)
2698 http fetch GET 200 https://registry.npmjs.org/color-convert/-/color-convert-3.1.3.tgz 3557ms (cache miss)
2699 http fetch GET 200 https://registry.npmjs.org/base64-js/-/base64-js-0.0.8.tgz 3575ms (cache miss)
2700 http fetch GET 200 https://registry.npmjs.org/debug/-/debug-4.4.3.tgz 3590ms (cache miss)
2701 http fetch GET 200 https://registry.npmjs.org/isarray/-/isarray-1.0.0.tgz 3594ms (cache miss)
2702 http fetch GET 200 https://registry.npmjs.org/readable-stream/-/readable-stream-3.6.2.tgz 3604ms (cache miss)
2703 http fetch GET 200 https://registry.npmjs.org/ms/-/ms-2.1.3.tgz 3629ms (cache miss)
2704 http fetch GET 200 https://registry.npmjs.org/ms/-/ms-2.1.3.tgz 3632ms (cache miss)
2705 http fetch GET 200 https://registry.npmjs.org/cors/-/cors-2.8.6.tgz 3648ms (cache miss)
2706 http fetch GET 200 https://registry.npmjs.org/is-stream/-/is-stream-2.0.1.tgz 3636ms (cache miss)
2707 http fetch GET 200 https://registry.npmjs.org/pako/-/pako-0.2.9.tgz 3647ms (cache miss)
2708 http fetch GET 200 https://registry.npmjs.org/ms/-/ms-2.1.3.tgz 3665ms (cache miss)
2709 http fetch GET 200 https://registry.npmjs.org/debug/-/debug-4.4.3.tgz 3675ms (cache miss)
2710 http fetch GET 200 https://registry.npmjs.org/agent-base/-/agent-base-7.1.4.tgz 3685ms (cache miss)
2711 http fetch GET 200 https://registry.npmjs.org/debug/-/debug-4.4.3.tgz 3716ms (cache miss)
2712 http fetch GET 200 https://registry.npmjs.org/ms/-/ms-2.1.3.tgz 3718ms (cache miss)
2713 http fetch GET 200 https://registry.npmjs.org/is-stream/-/is-stream-2.0.1.tgz 3724ms (cache miss)
2714 http fetch GET 200 https://registry.npmjs.org/debug/-/debug-4.4.3.tgz 3739ms (cache miss)
2715 http fetch GET 200 https://registry.npmjs.org/debug/-/debug-4.4.3.tgz 3752ms (cache miss)
2716 http fetch GET 200 https://registry.npmjs.org/gaxios/-/gaxios-5.1.3.tgz 3804ms (cache miss)
2717 http fetch GET 200 https://registry.npmjs.org/cloudinary/-/cloudinary-2.11.0.tgz 3837ms (cache miss)
2718 http fetch GET 200 https://registry.npmjs.org/ms/-/ms-2.1.3.tgz 3824ms (cache miss)
2719 http fetch GET 200 https://registry.npmjs.org/gcp-metadata/-/gcp-metadata-5.3.0.tgz 3913ms (cache miss)
2720 http fetch GET 200 https://registry.npmjs.org/https-proxy-agent/-/https-proxy-agent-7.0.6.tgz 3983ms (cache miss)
2721 http fetch GET 200 https://registry.npmjs.org/uuid/-/uuid-8.3.2.tgz 3985ms (cache miss)
2722 warn deprecated uuid@8.3.2: uuid@10 and below is no longer supported.  For ESM codebases, update to uuid@latest.  For CommonJS codebases, use uuid@11 (but be aware this version will likely be deprecated in 2028).
2723 http fetch GET 200 https://registry.npmjs.org/express/-/express-4.22.2.tgz 4041ms (cache miss)
2724 http fetch GET 200 https://registry.npmjs.org/is-stream/-/is-stream-2.0.1.tgz 4040ms (cache miss)
2725 http fetch GET 200 https://registry.npmjs.org/readable-stream/-/readable-stream-3.6.2.tgz 4238ms (cache miss)
2726 http fetch GET 200 https://registry.npmjs.org/sharp/-/sharp-0.33.5.tgz 4431ms (cache miss)
2727 http fetch GET 200 https://registry.npmjs.org/@img/sharp-libvips-darwin-x64/-/sharp-libvips-darwin-x64-1.0.4.tgz 4568ms (cache miss)
2728 http fetch GET 200 https://registry.npmjs.org/ms/-/ms-2.1.3.tgz 4484ms (cache miss)
2729 http fetch GET 200 https://registry.npmjs.org/mongodb/-/mongodb-6.20.0.tgz 4543ms (cache miss)
2730 http fetch GET 200 https://registry.npmjs.org/ms/-/ms-2.1.3.tgz 4666ms (cache miss)
2731 http fetch GET 200 https://registry.npmjs.org/mongoose/-/mongoose-8.24.4.tgz 5413ms (cache miss)
2732 http fetch GET 200 https://registry.npmjs.org/pdfkit/-/pdfkit-0.15.2.tgz 6201ms (cache miss)
2733 http fetch GET 200 https://registry.npmjs.org/axios/-/axios-1.20.0.tgz 6692ms (cache miss)
2734 http fetch GET 200 https://registry.npmjs.org/googleapis/-/googleapis-140.0.1.tgz 7068ms (cache miss)
2735 info run fsevents@2.3.3 install node_modules/fsevents node-gyp rebuild
2736 info run sharp@0.33.5 install node_modules/sharp node install/check
2737 info run fsevents@2.3.3 install { code: 1, signal: null }
2738 verbose reify failed optional dependency /Users/apple/Desktop/somnath/sstax-gst/server/node_modules/fsevents
2739 silly reify mark deleted [
2739 silly reify   '/Users/apple/Desktop/somnath/sstax-gst/server/node_modules/fsevents'
2739 silly reify ]
2740 info run sharp@0.33.5 install { code: 0, signal: null }
2741 silly ADD node_modules/punycode
2742 silly ADD node_modules/memory-pager
2743 silly ADD node_modules/@types/webidl-conversions
2744 silly ADD node_modules/@types/whatwg-url
2745 silly ADD node_modules/sparse-bitfield
2746 silly ADD node_modules/mongodb-connection-string-url
2747 silly ADD node_modules/mongodb-connection-string-url/node_modules/webidl-conversions
2748 silly ADD node_modules/mongodb-connection-string-url/node_modules/tr46
2749 silly ADD node_modules/mongodb-connection-string-url/node_modules/whatwg-url
2750 silly ADD node_modules/@mongodb-js/saslprep
2751 silly ADD node_modules/fn.name
2752 silly ADD node_modules/fecha
2753 silly ADD node_modules/@types/triple-beam
2754 silly ADD node_modules/text-hex
2755 silly ADD node_modules/kuler
2756 silly ADD node_modules/enabled
2757 silly ADD node_modules/@so-ric/colorspace
2758 silly ADD node_modules/@so-ric/colorspace/node_modules/color-name
2759 silly ADD node_modules/@so-ric/colorspace/node_modules/color-string
2760 silly ADD node_modules/@so-ric/colorspace/node_modules/color-convert
2761 silly ADD node_modules/@so-ric/colorspace/node_modules/color
2762 silly ADD node_modules/winston-transport
2763 silly ADD node_modules/winston-transport/node_modules/readable-stream
2764 silly ADD node_modules/triple-beam
2765 silly ADD node_modules/stack-trace
2766 silly ADD node_modules/safe-stable-stringify
2767 silly ADD node_modules/one-time
2768 silly ADD node_modules/logform
2769 silly ADD node_modules/logform/node_modules/ms
2770 silly ADD node_modules/async
2771 silly ADD node_modules/@dabh/diagnostics
2772 silly ADD node_modules/@colors/colors
2773 silly ADD node_modules/is-callable
2774 silly ADD node_modules/possible-typed-array-names
2775 silly ADD node_modules/for-each
2776 silly ADD node_modules/available-typed-arrays
2777 silly ADD node_modules/is-weakset
2778 silly ADD node_modules/is-weakmap
2779 silly ADD node_modules/safe-regex-test
2780 silly ADD node_modules/has-bigints
2781 silly ADD node_modules/is-symbol
2782 silly ADD node_modules/is-number-object
2783 silly ADD node_modules/is-boolean-object
2784 silly ADD node_modules/is-bigint
2785 silly ADD node_modules/webidl-conversions
2786 silly ADD node_modules/tr46
2787 silly ADD node_modules/media-typer
2788 silly ADD node_modules/ieee754
2789 silly ADD node_modules/@borewit/text-codec
2790 silly ADD node_modules/is-number
2791 silly ADD node_modules/has-flag
2792 silly ADD node_modules/peek-readable
2793 silly ADD node_modules/@tokenizer/token
2794 silly ADD node_modules/internal-slot
2795 silly ADD node_modules/is-arrayish
2796 silly ADD node_modules/side-channel-weakmap
2797 silly ADD node_modules/side-channel-map
2798 silly ADD node_modules/side-channel-list
2799 silly ADD node_modules/object-inspect
2800 silly ADD node_modules/simple-swizzle
2801 silly ADD node_modules/color-name
2802 silly ADD node_modules/color-string
2803 silly ADD node_modules/color-convert
2804 silly ADD node_modules/detect-libc
2805 silly ADD node_modules/color
2806 silly ADD node_modules/@img/sharp-libvips-darwin-x64
2807 silly ADD node_modules/@img/sharp-darwin-x64
2808 silly ADD node_modules/functions-have-names
2809 silly ADD node_modules/mime
2810 silly ADD node_modules/set-function-name
2811 silly ADD node_modules/util-deprecate
2812 silly ADD node_modules/string_decoder
2813 silly ADD node_modules/string_decoder/node_modules/safe-buffer
2814 silly ADD node_modules/process-nextick-args
2815 silly ADD node_modules/core-util-is
2816 silly ADD node_modules/ipaddr.js
2817 silly ADD node_modules/forwarded
2818 silly ADD node_modules/pako
2819 silly ADD node_modules/browserify-zlib
2820 silly ADD node_modules/has-property-descriptors
2821 silly ADD node_modules/define-data-property
2822 silly ADD node_modules/define-properties
2823 silly ADD node_modules/stop-iteration-iterator
2824 silly ADD node_modules/is-string
2825 silly ADD node_modules/is-set
2826 silly ADD node_modules/is-map
2827 silly ADD node_modules/set-function-length
2828 silly ADD node_modules/call-bound
2829 silly ADD node_modules/which-typed-array
2830 silly ADD node_modules/which-collection
2831 silly ADD node_modules/which-boxed-primitive
2832 silly ADD node_modules/side-channel
2833 silly ADD node_modules/regexp.prototype.flags
2834 silly ADD node_modules/object.assign
2835 silly ADD node_modules/object-keys
2836 silly ADD node_modules/object-is
2837 silly ADD node_modules/isarray
2838 silly ADD node_modules/is-shared-array-buffer
2839 silly ADD node_modules/is-regex
2840 silly ADD node_modules/is-date-object
2841 silly ADD node_modules/is-array-buffer
2842 silly ADD node_modules/is-arguments
2843 silly ADD node_modules/es-get-iterator
2844 silly ADD node_modules/call-bind
2845 silly ADD node_modules/array-buffer-byte-length
2846 silly ADD node_modules/tslib
2847 silly ADD node_modules/unicode-trie
2848 silly ADD node_modules/unicode-trie/node_modules/pako
2849 silly ADD node_modules/unicode-properties
2850 silly ADD node_modules/tiny-inflate
2851 silly ADD node_modules/restructure
2852 silly ADD node_modules/dfa
2853 silly ADD node_modules/deep-equal
2854 silly ADD node_modules/clone
2855 silly ADD node_modules/brotli
2856 silly ADD node_modules/@swc/helpers
2857 silly ADD node_modules/png-js
2858 silly ADD node_modules/linebreak
2859 silly ADD node_modules/linebreak/node_modules/base64-js
2860 silly ADD node_modules/jpeg-exif
2861 silly ADD node_modules/fontkit
2862 silly ADD node_modules/crypto-js
2863 silly ADD node_modules/ee-first
2864 silly ADD node_modules/balanced-match
2865 silly ADD node_modules/brace-expansion
2866 silly ADD node_modules/is-extglob
2867 silly ADD node_modules/binary-extensions
2868 silly ADD node_modules/to-regex-range
2869 silly ADD node_modules/fill-range
2870 silly ADD node_modules/picomatch
2871 silly ADD node_modules/readdirp
2872 silly ADD node_modules/normalize-path
2873 silly ADD node_modules/is-glob
2874 silly ADD node_modules/is-binary-path
2875 silly ADD node_modules/glob-parent
2876 silly ADD
2877 silly ADD node_modules/braces
2878 silly ADD node_modules/anymatch
2879 silly ADD node_modules/undefsafe
2880 silly ADD node_modules/touch
2881 silly ADD node_modules/supports-color
2882 silly ADD node_modules/simple-update-notifier
2883 silly ADD node_modules/pstree.remy
2884 silly ADD node_modules/minimatch
2885 silly ADD node_modules/ignore-by-default
2886 silly ADD node_modules/chokidar
2887 silly ADD node_modules/whatwg-url
2888 silly ADD node_modules/minimist
2889 silly ADD node_modules/typedarray
2890 silly ADD node_modules/readable-stream
2891 silly ADD node_modules/readable-stream/node_modules/safe-buffer
2892 silly ADD node_modules/readable-stream/node_modules/isarray
2893 silly ADD node_modules/buffer-from
2894 silly ADD node_modules/streamsearch
2895 silly ADD node_modules/xtend
2896 silly ADD node_modules/mkdirp
2897 silly ADD node_modules/concat-stream
2898 silly ADD node_modules/busboy
2899 silly ADD node_modules/append-field
2900 silly ADD node_modules/sift
2901 silly ADD node_modules/mquery
2902 silly ADD node_modules/mquery/node_modules/ms
2903 silly ADD node_modules/mquery/node_modules/debug
2904 silly ADD node_modules/mpath
2905 silly ADD node_modules/kareem
2906 silly ADD node_modules/bson
2907 silly ADD node_modules/mime-db
2908 silly ADD node_modules/buffer-equal-constant-time
2909 silly ADD node_modules/jwa
2910 silly ADD node_modules/semver
2911 silly ADD node_modules/lodash.once
2912 silly ADD node_modules/lodash.isstring
2913 silly ADD node_modules/lodash.isplainobject
2914 silly ADD node_modules/lodash.isnumber
2915 silly ADD node_modules/lodash.isinteger
2916 silly ADD node_modules/lodash.isboolean
2917 silly ADD node_modules/lodash.includes
2918 silly ADD node_modules/bignumber.js
2919 silly ADD node_modules/safer-buffer
2920 silly ADD node_modules/agent-base
2921 silly ADD node_modules/agent-base/node_modules/ms
2922 silly ADD node_modules/agent-base/node_modules/debug
2923 silly ADD node_modules/toidentifier
2924 silly ADD node_modules/inherits
2925 silly ADD node_modules/url-template
2926 silly ADD node_modules/json-bigint
2927 silly ADD node_modules/google-logging-utils
2928 silly ADD node_modules/node-fetch
2929 silly ADD node_modules/extend
2930 silly ADD node_modules/jws
2931 silly ADD node_modules/gtoken
2932 silly ADD node_modules/gcp-metadata
2933 silly ADD node_modules/gaxios
2934 silly ADD node_modules/gaxios/node_modules/ms
2935 silly ADD node_modules/gaxios/node_modules/debug
2936 silly ADD node_modules/gaxios/node_modules/agent-base
2937 silly ADD node_modules/gaxios/node_modules/is-stream
2938 silly ADD node_modules/gaxios/node_modules/https-proxy-agent
2939 silly ADD node_modules/ecdsa-sig-formatter
2940 silly ADD node_modules/base64-js
2941 silly ADD node_modules/googleapis-common
2942 silly ADD node_modules/google-auth-library
2943 silly ADD node_modules/is-stream
2944 silly ADD node_modules/@sec-ant/readable-stream
2945 silly ADD node_modules/dunder-proto
2946 silly ADD node_modules/math-intrinsics
2947 silly ADD node_modules/has-symbols
2948 silly ADD node_modules/gopd
2949 silly ADD node_modules/get-proto
2950 silly ADD node_modules/function-bind
2951 silly ADD node_modules/es-object-atoms
2952 silly ADD node_modules/es-define-property
2953 silly ADD node_modules/call-bind-apply-helpers
2954 silly ADD node_modules/has-tostringtag
2955 silly ADD node_modules/get-intrinsic
2956 silly ADD node_modules/es-errors
2957 silly ADD node_modules/delayed-stream
2958 silly ADD node_modules/hasown
2959 silly ADD node_modules/es-set-tostringtag
2960 silly ADD node_modules/combined-stream
2961 silly ADD node_modules/asynckit
2962 silly ADD node_modules/uint8array-extras
2963 silly ADD node_modules/token-types
2964 silly ADD node_modules/strtok3
2965 silly ADD node_modules/get-stream
2966 silly ADD node_modules/validator
2967 silly ADD node_modules/ms
2968 silly ADD node_modules/unpipe
2969 silly ADD node_modules/raw-body
2970 silly ADD node_modules/iconv-lite
2971 silly ADD node_modules/destroy
2972 silly ADD node_modules/bytes
2973 silly ADD node_modules/negotiator
2974 silly ADD node_modules/mime-types
2975 silly ADD node_modules/utils-merge
2976 silly ADD node_modules/type-is
2977 silly ADD node_modules/statuses
2978 silly ADD node_modules/setprototypeof
2979 silly ADD node_modules/serve-static
2980 silly ADD node_modules/send
2981 silly ADD node_modules/send/node_modules/ms
2982 silly ADD node_modules/safe-buffer
2983 silly ADD node_modules/range-parser
2984 silly ADD node_modules/qs
2985 silly ADD node_modules/proxy-addr
2986 silly ADD node_modules/path-to-regexp
2987 silly ADD node_modules/parseurl
2988 silly ADD node_modules/on-finished
2989 silly ADD node_modules/methods
2990 silly ADD node_modules/merge-descriptors
2991 silly ADD node_modules/http-errors
2992 silly ADD node_modules/fresh
2993 silly ADD node_modules/finalhandler
2994 silly ADD node_modules/etag
2995 silly ADD node_modules/escape-html
2996 silly ADD node_modules/encodeurl
2997 silly ADD node_modules/depd
2998 silly ADD node_modules/debug
2999 silly ADD node_modules/content-type
3000 silly ADD node_modules/content-disposition
3001 silly ADD node_modules/body-parser
3002 silly ADD node_modules/array-flatten
3003 silly ADD node_modules/accepts
3004 silly ADD node_modules/vary
3005 silly ADD node_modules/object-assign
3006 silly ADD node_modules/cookie-signature
3007 silly ADD node_modules/cookie
3008 silly ADD node_modules/lodash
3009 silly ADD node_modules/proxy-from-env
3010 silly ADD node_modules/https-proxy-agent
3011 silly ADD node_modules/https-proxy-agent/node_modules/ms
3012 silly ADD node_modules/https-proxy-agent/node_modules/debug
3013 silly ADD node_modules/form-data
3014 silly ADD node_modules/follow-redirects
3015 silly ADD node_modules/winston
3016 silly ADD node_modules/winston/node_modules/readable-stream
3017 silly ADD node_modules/winston/node_modules/is-stream
3018 silly ADD node_modules/uuid
3019 silly ADD node_modules/sharp
3020 silly ADD node_modules/pdfkit
3021 silly ADD node_modules/nodemon
3022 silly ADD node_modules/nodemon/node_modules/ms
3023 silly ADD node_modules/nodemon/node_modules/debug
3024 silly ADD node_modules/nodemailer
3025 silly ADD node_modules/node-cron
3026 silly ADD node_modules/node-cron/node_modules/uuid
3027 silly ADD node_modules/multer
3028 silly ADD node_modules/mongoose
3029 silly ADD node_modules/mongoose/node_modules/is-stream
3030 silly ADD node_modules/mongoose/node_modules/gaxios
3031 silly ADD node_modules/mongoose/node_modules/ms
3032 silly ADD node_modules/mongoose/node_modules/gcp-metadata
3033 silly ADD node_modules/mongoose/node_modules/mongodb
3034 silly ADD node_modules/jsonwebtoken
3035 silly ADD node_modules/jsonwebtoken/node_modules/ms
3036 silly ADD node_modules/helmet
3037 silly ADD node_modules/googleapis
3038 silly ADD node_modules/file-type
3039 silly ADD node_modules/express-validator
3040 silly ADD node_modules/express-rate-limit
3041 silly ADD node_modules/express-mongo-sanitize
3042 silly ADD node_modules/express
3043 silly ADD node_modules/dotenv
3044 silly ADD node_modules/crypto
3045 silly ADD node_modules/cors
3046 silly ADD node_modules/cookie-parser
3047 silly ADD node_modules/cloudinary
3048 silly ADD node_modules/bcryptjs
3049 silly ADD node_modules/axios
3050 warn install-scripts 1 package has install scripts not yet covered by allowScripts:
3050 warn install-scripts   sharp@0.33.5 (install: node install/check)
3050 warn install-scripts
3050 warn install-scripts Run `npm install-scripts ls` to review, or `npm install-scripts approve <pkg>` to allow.
3051 verbose cwd /Users/apple/Desktop/somnath/sstax-gst/server
3052 verbose os Darwin 25.5.0
3053 verbose node v24.20.0
3054 verbose npm  v11.19.0
3055 notice
3055 notice New [31mmajor[39m version of npm available! [31m11.19.0[39m -> [34m12.0.2[39m
3055 notice Changelog: [34mhttps://github.com/npm/cli/releases/tag/v12.0.2[39m
3055 notice To update run: [4mnpm install -g npm@12.0.2[24m
3055 notice  { force: true, Symbol(proc-log.meta): true }
3056 verbose exit 0
3057 info ok
